CVAE_1683	CVAE_1683
CVAE_1686	CVAE_1686
CVAE_1687	CVAE_1687
CVAE_1688	CVAE_1688
CVAE_1689	CVAE_1689
CVAE_1691	CVAE_1691
CVAE_1694	CVAE_1694
CVAE_1696	CVAE_1696
CVAE_1698	CVAE_1698
CVAE_1699	CVAE_1699
CVAE_1701	CVAE_1701
CVAE_1704	CVAE_1704
CVAE_1705	CVAE_1705
CVAE_1707	CVAE_1707
CVAE_1709	CVAE_1709
CVAE_1710	CVAE_1710
CVAE_1711	CVAE_1711
CVAE_1714	CVAE_1714
CVAE_1716	CVAE_1716
CVAE_1717	CVAE_1717
CVAE_1718	CVAE_1718
CVAE_1719	CVAE_1719
CVAE_1720	CVAE_1720
CVAE_1723	CVAE_1723
CVAE_1724	CVAE_1724
CVAE_1725	CVAE_1725
CVAE_1726	CVAE_1726
CVAE_1727	CVAE_1727
CVAE_1728	CVAE_1728
CVAE_1729	CVAE_1729
CVAE_1730	CVAE_1730
CVAE_1731	CVAE_1731
CVAE_1738	CVAE_1738
CVAE_1742	CVAE_1742
CVAE_1747	CVAE_1747
CVAE_1748	CVAE_1748
CVAE_1753	CVAE_1753
CVAE_1769	CVAE_1769
CVAE_1770	CVAE_1770
CVAE_1771	CVAE_1771
CVAE_1772	CVAE_1772
CVAE_1774	CVAE_1774
CVAE_1775	CVAE_1775
CVAE_1782	CVAE_1782
CVAE_1783	CVAE_1783
CVAE_1783	CVAE_1804
CVAE_1783	CVAE_3982
CVAE_1789	CVAE_1789
CVAE_1790	CVAE_1790
CVAE_1791	CVAE_1791
CVAE_1793	CVAE_1793
CVAE_1796	CVAE_1796
CVAE_1800	CVAE_1800
CVAE_1801	CVAE_1801
CVAE_1805	CVAE_1805
CVAE_1813	CVAE_1813
CVAE_1814	CVAE_1814
CVAE_1815	CVAE_1815
CVAE_1818	CVAE_1818
CVAE_1819	CVAE_1819
CVAE_1820	CVAE_1820
CVAE_1821	CVAE_1821
CVAE_1822	CVAE_1822
CVAE_1828	CVAE_1828
CVAE_1829	CVAE_1829
CVAE_1831	CVAE_1831
CVAE_1832	CVAE_1832
CVAE_1833	CVAE_1833
CVAE_1834	CVAE_1834
CVAE_1835	CVAE_1835
CVAE_1836	CVAE_1836
CVAE_1837	CVAE_1837
CVAE_1838	CVAE_1838
CVAE_1840	CVAE_1840
CVAE_1841	CVAE_1841
CVAE_1843	CVAE_1843
CVAE_1845	CVAE_1845
CVAE_1846	CVAE_1846
CVAE_1847	CVAE_1847
CVAE_1852	CVAE_1852
CVAE_1854	CVAE_1854
CVAE_1855	CVAE_1855
CVAE_1867	CVAE_1867
CVAE_1870	CVAE_1870
CVAE_1871	CVAE_1871
CVAE_1872	CVAE_1872
CVAE_1880	CVAE_1880
CVAE_1885	CVAE_1885
CVAE_1890	CVAE_1890
CVAE_1891	CVAE_1891
CVAE_1892	CVAE_1892
CVAE_1893	CVAE_1893
CVAE_1895	CVAE_1895
CVAE_1896	CVAE_1896
CVAE_1897	CVAE_1897
CVAE_1898	CVAE_1898
CVAE_1899	CVAE_1899
CVAE_1930	CVAE_1930
CVAE_2496	CVAE_2496
CVAE_2497	CVAE_2497
CVAE_2504	CVAE_2504
CVAE_2506	CVAE_2506
CVAE_2507	CVAE_2507
CVAE_2508	CVAE_2508
CVAE_2509	CVAE_2509
CVAE_2510	CVAE_2510
CVAE_2515	CVAE_2515
CVAE_2516	CVAE_2516
CVAE_2518	CVAE_2518
CVAE_2529	CVAE_2529
CVAE_2531	CVAE_2531
CVAE_2539	CVAE_2539
CVAE_2540	CVAE_2540
CVAE_2541	CVAE_2541
CVAE_2549	CVAE_2549
CVAE_2550	CVAE_2550
CVAE_2557	CVAE_2557
CVAE_2561	CVAE_2561
CVAE_2561	CVAE_2236
CVAE_2566	CVAE_2566
CVAE_2567	CVAE_2567
CVAE_2572	CVAE_2572
CVAE_2574	CVAE_2574
CVAE_2576	CVAE_2576
CVAE_2577	CVAE_2577
CVAE_2579	CVAE_2579
CVAE_2586	CVAE_2586
CVAE_2595	CVAE_2595
CVAE_2597	CVAE_2597
CVAE_2598	CVAE_2598
CVAE_2599	CVAE_2599
CVAE_2600	CVAE_2600
CVAE_2602	CVAE_2602
CVAE_2603	CVAE_2603
CVAE_2604	CVAE_2604
CVAE_2626	CVAE_2626
CVAE_2630	CVAE_2630
CVAE_2632	CVAE_2632
CVAE_2634	CVAE_2634
CVAE_2635	CVAE_2635
CVAE_2660	CVAE_2660
CVAE_2664	CVAE_2664
CVAE_2668	CVAE_2668
CVAE_2690	CVAE_2690
CVAE_2692	CVAE_2692
CVAE_2694	CVAE_2694
CVAE_2694	CVAE_2061
CVAE_2699	CVAE_2699
CVAE_2699	CVAE_2006
CVAE_2701	CVAE_2701
CVAE_2705	CVAE_2705
CVAE_2707	CVAE_2707
CVAE_2709	CVAE_2709
CVAE_2710	CVAE_2710
CVAE_2711	CVAE_2711
CVAE_2712	CVAE_2712
CVAE_2713	CVAE_2713
CVAE_2717	CVAE_2717
CVAE_2719	CVAE_2719
CVAE_2721	CVAE_2721
CVAE_2727	CVAE_2727
CVAE_2734	CVAE_2734
CVAE_2736	CVAE_2736
CVAE_2740	CVAE_2740
CVAE_2743	CVAE_2743
CVAE_2749	CVAE_2749
CVAE_2751	CVAE_2751
CVAE_2753	CVAE_2753
CVAE_2762	CVAE_2762
CVAE_2767	CVAE_2767
CVAE_2770	CVAE_2770
CVAE_2776	CVAE_2776
CVAE_2779	CVAE_2779
CVAE_2780	CVAE_2780
CVAE_2782	CVAE_2782
CVAE_2784	CVAE_2784
CVAE_2786	CVAE_2786
CVAE_2792	CVAE_2792
CVAE_2796	CVAE_2796
CVAE_2797	CVAE_2797
CVAE_2798	CVAE_2798
CVAE_2800	CVAE_2800
CVAE_2805	CVAE_2805
CVAE_2807	CVAE_2807
CVAE_2809	CVAE_2809
CVAE_2812	CVAE_2812
CVAE_2813	CVAE_2813
CVAE_2816	CVAE_2816
CVAE_2817	CVAE_2817
CVAE_2822	CVAE_2822
CVAE_2831	CVAE_2831
CVAE_2835	CVAE_2835
CVAE_2835	CVAE_1982
CVAE_2836	CVAE_2836
CVAE_2837	CVAE_2837
CVAE_2838	CVAE_2838
CVAE_2839	CVAE_2839
CVAE_2841	CVAE_2841
CVAE_2844	CVAE_2844
CVAE_2846	CVAE_2846
CVAE_2850	CVAE_2850
CVAE_2851	CVAE_2851
CVAE_2856	CVAE_2856
CVAE_2859	CVAE_2859
CVAE_2873	CVAE_2873
CVAE_2875	CVAE_2875
CVAE_2876	CVAE_2876
CVAE_2899	CVAE_2899
CVAE_2900	CVAE_2900
CVAE_2904	CVAE_2904
CVAE_2912	CVAE_2912
CVAE_2913	CVAE_2913
CVAE_2914	CVAE_2914
CVAE_2918	CVAE_2918
CVAE_2920	CVAE_2920
CVAE_2921	CVAE_2921
CVAE_2929	CVAE_2929
CVAE_2948	CVAE_2948
CVAE_2951	CVAE_2951
CVAE_2952	CVAE_2952
CVAE_2954	CVAE_2954
CVAE_2955	CVAE_2955
CVAE_2957	CVAE_2957
CVAE_2958	CVAE_2958
CVAE_2962	CVAE_2962
CVAE_2966	CVAE_2966
CVAE_2967	CVAE_2967
CVAE_3005	CVAE_3005
CVAE_3010	CVAE_3010
CVAE_3011	CVAE_3011
CVAE_3012	CVAE_3012
CVAE_3013	CVAE_3013
CVAE_3014	CVAE_3014
CVAE_3018	CVAE_3018
CVAE_3019	CVAE_3019
CVAE_3020	CVAE_3020
CVAE_3024	CVAE_3024
CVAE_3025	CVAE_3025
CVAE_3030	CVAE_3030
CVAE_3036	CVAE_3036
CVAE_3037	CVAE_3037
CVAE_3038	CVAE_3038
CVAE_3042	CVAE_3042
CVAE_3043	CVAE_3043
CVAE_3045	CVAE_3045
CVAE_3048	CVAE_3048
CVAE_3049	CVAE_3049
CVAE_3052	CVAE_3052
CVAE_3057	CVAE_3057
CVAE_3062	CVAE_3062
CVAE_3063	CVAE_3063
CVAE_3067	CVAE_3067
CVAE_3069	CVAE_3069
CVAE_3070	CVAE_3070
CVAE_3071	CVAE_3071
CVAE_3072	CVAE_3072
CVAE_3073	CVAE_3073
CVAE_3074	CVAE_3074
CVAE_3076	CVAE_3076
CVAE_3077	CVAE_3077
CVAE_3078	CVAE_3078
CVAE_3078	CVAE_406
CVAE_3079	CVAE_3079
CVAE_3086	CVAE_3086
CVAE_3087	CVAE_3087
CVAE_3088	CVAE_3088
CVAE_3089	CVAE_3089
CVAE_3091	CVAE_3091
CVAE_3092	CVAE_3092
CVAE_3093	CVAE_3093
CVAE_3096	CVAE_3096
CVAE_3097	CVAE_3097
CVAE_3098	CVAE_3098
CVAE_3100	CVAE_3100
CVAE_3109	CVAE_3109
CVAE_3123	CVAE_3123
CVAE_3131	CVAE_3131
CVAE_3137	CVAE_3137
CVAE_3138	CVAE_3138
CVAE_3143	CVAE_3143
CVAE_3144	CVAE_3144
CVAE_3145	CVAE_3145
CVAE_3149	CVAE_3149
CVAE_3150	CVAE_3150
CVAE_3151	CVAE_3151
CVAE_3152	CVAE_3152
CVAE_3156	CVAE_3156
CVAE_3157	CVAE_3157
CVAE_3159	CVAE_3159
CVAE_3160	CVAE_3160
CVAE_3162	CVAE_3162
CVAE_3170	CVAE_3170
CVAE_3175	CVAE_3175
CVAE_3176	CVAE_3176
CVAE_3179	CVAE_3179
CVAE_3180	CVAE_3180
CVAE_3181	CVAE_3181
CVAE_3182	CVAE_3182
CVAE_3183	CVAE_3183
CVAE_3185	CVAE_3185
CVAE_3187	CVAE_3187
CVAE_3190	CVAE_3190
CVAE_3276	CVAE_3276
CVAE_3278	CVAE_3278
CVAE_3279	CVAE_3279
CVAE_3281	CVAE_3281
CVAE_3283	CVAE_3283
CVAE_3286	CVAE_3286
CVAE_3289	CVAE_3289
CVAE_3291	CVAE_3291
CVAE_3292	CVAE_3292
CVAE_3293	CVAE_3293
CVAE_3298	CVAE_3298
CVAE_3299	CVAE_3299
CVAE_3305	CVAE_3305
CVAE_3306	CVAE_3306
CVAE_3307	CVAE_3307
CVAE_3313	CVAE_3313
CVAE_3314	CVAE_3314
CVAE_3315	CVAE_3315
CVAE_3321	CVAE_3321
CVAE_3323	CVAE_3323
CVAE_3323	CVAE_1346
CVAE_3325	CVAE_3325
CVAE_3326	CVAE_3326
CVAE_3334	CVAE_3334
CVAE_3335	CVAE_3335
CVAE_3336	CVAE_3336
CVAE_3337	CVAE_3337
CVAE_3340	CVAE_3340
CVAE_3346	CVAE_3346
CVAE_3347	CVAE_3347
CVAE_3351	CVAE_3351
CVAE_3352	CVAE_3352
CVAE_3359	CVAE_3359
CVAE_3360	CVAE_3360
CVAE_3365	CVAE_3365
CVAE_3366	CVAE_3366
CVAE_3367	CVAE_3367
CVAE_3369	CVAE_3369
CVAE_3370	CVAE_3370
CVAE_3375	CVAE_3375
CVAE_3380	CVAE_3380
CVAE_3415	CVAE_3415
CVAE_3416	CVAE_3416
CVAE_3417	CVAE_3417
CVAE_3419	CVAE_3419
CVAE_3422	CVAE_3422
CVAE_3424	CVAE_3424
CVAE_3426	CVAE_3426
CVAE_3429	CVAE_3429
CVAE_3454	CVAE_3454
CVAE_3456	CVAE_3456
CVAE_3457	CVAE_3457
CVAE_3458	CVAE_3458
CVAE_3459	CVAE_3459
CVAE_3464	CVAE_3464
CVAE_3467	CVAE_3467
CVAE_3468	CVAE_3468
CVAE_3470	CVAE_3470
CVAE_3474	CVAE_3474
CVAE_3475	CVAE_3475
CVAE_3476	CVAE_3476
CVAE_3477	CVAE_3477
CVAE_3478	CVAE_3478
CVAE_3484	CVAE_3484
CVAE_3489	CVAE_3489
CVAE_3490	CVAE_3490
CVAE_3493	CVAE_3493
CVAE_3497	CVAE_3497
CVAE_3501	CVAE_3501
CVAE_3502	CVAE_3502
CVAE_3504	CVAE_3504
CVAE_3506	CVAE_3506
CVAE_3507	CVAE_3507
CVAE_3515	CVAE_3515
CVAE_3516	CVAE_3516
CVAE_3517	CVAE_3517
CVAE_3518	CVAE_3518
CVAE_3521	CVAE_3521
CVAE_3523	CVAE_3523
CVAE_3526	CVAE_3526
CVAE_3529	CVAE_3529
CVAE_3529	CVAE_4475
CVAE_3529	CVAE_7058
CVAE_3531	CVAE_3531
CVAE_3535	CVAE_3535
CVAE_3536	CVAE_3536
CVAE_3537	CVAE_3537
CVAE_3539	CVAE_3539
CVAE_3541	CVAE_3541
CVAE_3542	CVAE_3542
CVAE_3543	CVAE_3543
CVAE_3544	CVAE_3544
CVAE_3549	CVAE_3549
CVAE_3554	CVAE_3554
CVAE_3606	CVAE_3606
CVAE_3607	CVAE_3607
CVAE_3610	CVAE_3610
CVAE_3610	CVAE_718
CVAE_3611	CVAE_3611
CVAE_5059	CVAE_5059
CVAE_5061	CVAE_5061
CVAE_5064	CVAE_5064
CVAE_5065	CVAE_5065
CVAE_5067	CVAE_5067
CVAE_5068	CVAE_5068
CVAE_5084	CVAE_5084
CVAE_5085	CVAE_5085
CVAE_5086	CVAE_5086
CVAE_5088	CVAE_5088
CVAE_5089	CVAE_5089
CVAE_5091	CVAE_5091
CVAE_5093	CVAE_5093
CVAE_5101	CVAE_5101
CVAE_5118	CVAE_5118
CVAE_5121	CVAE_5121
CVAE_5123	CVAE_5123
CVAE_5124	CVAE_5124
CVAE_5126	CVAE_5126
CVAE_5127	CVAE_5127
CVAE_5128	CVAE_5128
CVAE_5134	CVAE_5134
CVAE_5140	CVAE_5140
CVAE_5145	CVAE_5145
CVAE_5149	CVAE_5149
CVAE_5170	CVAE_5170
CVAE_5199	CVAE_5199
CVAE_5207	CVAE_5207
CVAE_5208	CVAE_5208
CVAE_5210	CVAE_5210
CVAE_5211	CVAE_5211
CVAE_5213	CVAE_5213
CVAE_5215	CVAE_5215
CVAE_5218	CVAE_5218
CVAE_5219	CVAE_5219
CVAE_5220	CVAE_5220
CVAE_5221	CVAE_5221
CVAE_5222	CVAE_5222
CVAE_5224	CVAE_5224
CVAE_5225	CVAE_5225
CVAE_5227	CVAE_5227
CVAE_5228	CVAE_5228
CVAE_5229	CVAE_5229
CVAE_5231	CVAE_5231
CVAE_5232	CVAE_5232
CVAE_5233	CVAE_5233
CVAE_5234	CVAE_5234
CVAE_5235	CVAE_5235
CVAE_5236	CVAE_5236
CVAE_5238	CVAE_5238
CVAE_5239	CVAE_5239
CVAE_5241	CVAE_5241
CVAE_5242	CVAE_5242
CVAE_5243	CVAE_5243
CVAE_5245	CVAE_5245
CVAE_5246	CVAE_5246
CVAE_5247	CVAE_5247
CVAE_5253	CVAE_5253
CVAE_5254	CVAE_5254
CVAE_5256	CVAE_5256
CVAE_5257	CVAE_5257
CVAE_5259	CVAE_5259
CVAE_5261	CVAE_5261
CVAE_5262	CVAE_5262
CVAE_5263	CVAE_5263
CVAE_5264	CVAE_5264
CVAE_5265	CVAE_5265
CVAE_5266	CVAE_5266
CVAE_5267	CVAE_5267
CVAE_5268	CVAE_5268
CVAE_5269	CVAE_5269
CVAE_5270	CVAE_5270
CVAE_5276	CVAE_5276
CVAE_5284	CVAE_5284
CVAE_5291	CVAE_5291
CVAE_5292	CVAE_5292
CVAE_5296	CVAE_5296
CVAE_5297	CVAE_5297
CVAE_5315	CVAE_5315
CVAE_5316	CVAE_5316
CVAE_5317	CVAE_5317
CVAE_5318	CVAE_5318
CVAE_5319	CVAE_5319
CVAE_5321	CVAE_5321
CVAE_5322	CVAE_5322
CVAE_5326	CVAE_5326
CVAE_5333	CVAE_5333
CVAE_5346	CVAE_5346
CVAE_5353	CVAE_5353
CVAE_5354	CVAE_5354
CVAE_5356	CVAE_5356
CVAE_5357	CVAE_5357
CVAE_5359	CVAE_5359
CVAE_5360	CVAE_5360
CVAE_5362	CVAE_5362
CVAE_5365	CVAE_5365
CVAE_5366	CVAE_5366
CVAE_5370	CVAE_5370
CVAE_5382	CVAE_5382
CVAE_5384	CVAE_5384
CVAE_234	CVAE_234
CVAE_237	CVAE_237
CVAE_243	CVAE_243
CVAE_244	CVAE_244
CVAE_245	CVAE_245
CVAE_253	CVAE_253
CVAE_256	CVAE_256
CVAE_257	CVAE_257
CVAE_258	CVAE_258
CVAE_259	CVAE_259
CVAE_275	CVAE_275
CVAE_276	CVAE_276
CVAE_277	CVAE_277
CVAE_280	CVAE_280
CVAE_285	CVAE_285
CVAE_291	CVAE_291
CVAE_294	CVAE_294
CVAE_295	CVAE_295
CVAE_297	CVAE_297
CVAE_298	CVAE_298
CVAE_300	CVAE_300
CVAE_302	CVAE_302
CVAE_303	CVAE_303
CVAE_307	CVAE_307
CVAE_312	CVAE_312
CVAE_318	CVAE_318
CVAE_319	CVAE_319
CVAE_323	CVAE_323
CVAE_324	CVAE_324
CVAE_327	CVAE_327
CVAE_333	CVAE_333
CVAE_334	CVAE_334
CVAE_336	CVAE_336
CVAE_345	CVAE_345
CVAE_351	CVAE_351
CVAE_353	CVAE_353
CVAE_356	CVAE_356
CVAE_357	CVAE_357
CVAE_362	CVAE_362
CVAE_363	CVAE_363
CVAE_364	CVAE_364
CVAE_365	CVAE_365
CVAE_366	CVAE_366
CVAE_368	CVAE_368
CVAE_371	CVAE_371
CVAE_374	CVAE_374
CVAE_375	CVAE_375
CVAE_376	CVAE_376
CVAE_388	CVAE_388
CVAE_390	CVAE_390
CVAE_403	CVAE_403
CVAE_407	CVAE_407
CVAE_414	CVAE_414
CVAE_432	CVAE_432
CVAE_433	CVAE_433
CVAE_437	CVAE_437
CVAE_443	CVAE_443
CVAE_445	CVAE_445
CVAE_447	CVAE_447
CVAE_449	CVAE_449
CVAE_455	CVAE_455
CVAE_456	CVAE_456
CVAE_457	CVAE_457
CVAE_459	CVAE_459
CVAE_460	CVAE_460
CVAE_462	CVAE_462
CVAE_463	CVAE_463
CVAE_464	CVAE_464
CVAE_465	CVAE_465
CVAE_471	CVAE_471
CVAE_481	CVAE_481
CVAE_486	CVAE_486
CVAE_492	CVAE_492
CVAE_496	CVAE_496
CVAE_512	CVAE_512
CVAE_521	CVAE_521
CVAE_523	CVAE_523
CVAE_525	CVAE_525
CVAE_527	CVAE_527
CVAE_528	CVAE_528
CVAE_530	CVAE_530
CVAE_534	CVAE_534
CVAE_539	CVAE_539
CVAE_540	CVAE_540
CVAE_556	CVAE_556
CVAE_557	CVAE_557
CVAE_558	CVAE_558
CVAE_562	CVAE_562
CVAE_563	CVAE_563
CVAE_565	CVAE_565
CVAE_566	CVAE_566
CVAE_567	CVAE_567
CVAE_568	CVAE_568
CVAE_570	CVAE_570
CVAE_574	CVAE_574
CVAE_575	CVAE_575
CVAE_8215	CVAE_8215
CVAE_8216	CVAE_8216
CVAE_8222	CVAE_8222
CVAE_8223	CVAE_8223
CVAE_8224	CVAE_8224
CVAE_8228	CVAE_8228
CVAE_8229	CVAE_8229
CVAE_8239	CVAE_8239
CVAE_8240	CVAE_8240
CVAE_8244	CVAE_8244
CVAE_8247	CVAE_8247
CVAE_8247	CVAE_4878
CVAE_8251	CVAE_8251
CVAE_8258	CVAE_8258
CVAE_8261	CVAE_8261
CVAE_8262	CVAE_8262
CVAE_8263	CVAE_8263
CVAE_8264	CVAE_8264
CVAE_8265	CVAE_8265
CVAE_8268	CVAE_8268
CVAE_8269	CVAE_8269
CVAE_8270	CVAE_8270
CVAE_8273	CVAE_8273
CVAE_8274	CVAE_8274
CVAE_8278	CVAE_8278
CVAE_8284	CVAE_8284
CVAE_8284	CVAE_1808
CVAE_8286	CVAE_8286
CVAE_8289	CVAE_8289
CVAE_8291	CVAE_8291
CVAE_8301	CVAE_8301
CVAE_8303	CVAE_8303
CVAE_8308	CVAE_8308
CVAE_8309	CVAE_8309
CVAE_8311	CVAE_8311
CVAE_8321	CVAE_8321
CVAE_8322	CVAE_8322
CVAE_8323	CVAE_8323
CVAE_8326	CVAE_8326
CVAE_8328	CVAE_8328
CVAE_8334	CVAE_8334
CVAE_8335	CVAE_8335
CVAE_8336	CVAE_8336
CVAE_8342	CVAE_8342
CVAE_8351	CVAE_8351
CVAE_8352	CVAE_8352
CVAE_8354	CVAE_8354
CVAE_8355	CVAE_8355
CVAE_8356	CVAE_8356
CVAE_8357	CVAE_8357
CVAE_8358	CVAE_8358
CVAE_8359	CVAE_8359
CVAE_8360	CVAE_8360
CVAE_8362	CVAE_8362
CVAE_8364	CVAE_8364
CVAE_8367	CVAE_8367
CVAE_8371	CVAE_8371
CVAE_8372	CVAE_8372
CVAE_8373	CVAE_8373
CVAE_8376	CVAE_8376
CVAE_8377	CVAE_8377
CVAE_8378	CVAE_8378
CVAE_8380	CVAE_8380
CVAE_8384	CVAE_8384
CVAE_8385	CVAE_8385
CVAE_8386	CVAE_8386
CVAE_8388	CVAE_8388
CVAE_8389	CVAE_8389
CVAE_8390	CVAE_8390
CVAE_8394	CVAE_8394
CVAE_8397	CVAE_8397
CVAE_8405	CVAE_8405
CVAE_8406	CVAE_8406
CVAE_8409	CVAE_8409
CVAE_8412	CVAE_8412
CVAE_8414	CVAE_8414
CVAE_8415	CVAE_8415
CVAE_8418	CVAE_8418
CVAE_8419	CVAE_8419
CVAE_8420	CVAE_8420
CVAE_8421	CVAE_8421
CVAE_8431	CVAE_8431
CVAE_8437	CVAE_8437
CVAE_8440	CVAE_8440
CVAE_8443	CVAE_8443
CVAE_8447	CVAE_8447
CVAE_8458	CVAE_8458
CVAE_8472	CVAE_8472
CVAE_8498	CVAE_8498
CVAE_8499	CVAE_8499
CVAE_8500	CVAE_8500
CVAE_8504	CVAE_8504
CVAE_8504	CVAE_6229
CVAE_8505	CVAE_8505
CVAE_8506	CVAE_8506
CVAE_8507	CVAE_8507
CVAE_8508	CVAE_8508
CVAE_8510	CVAE_8510
CVAE_8511	CVAE_8511
CVAE_8512	CVAE_8512
CVAE_8514	CVAE_8514
CVAE_8515	CVAE_8515
CVAE_8522	CVAE_8522
CVAE_8525	CVAE_8525
CVAE_8526	CVAE_8526
CVAE_8529	CVAE_8529
CVAE_8533	CVAE_8533
CVAE_8536	CVAE_8536
CVAE_8543	CVAE_8543
CVAE_8550	CVAE_8550
CVAE_8555	CVAE_8555
CVAE_8559	CVAE_8559
CVAE_8568	CVAE_8568
CVAE_8569	CVAE_8569
CVAE_8575	CVAE_8575
CVAE_8579	CVAE_8579
CVAE_8581	CVAE_8581
CVAE_8582	CVAE_8582
CVAE_8585	CVAE_8585
CVAE_8589	CVAE_8589
CVAE_8590	CVAE_8590
CVAE_8594	CVAE_8594
CVAE_8595	CVAE_8595
CVAE_8600	CVAE_8600
CVAE_8601	CVAE_8601
CVAE_8604	CVAE_8604
CVAE_8611	CVAE_8611
CVAE_8612	CVAE_8612
CVAE_8614	CVAE_8614
CVAE_8615	CVAE_8615
CVAE_8616	CVAE_8616
CVAE_8629	CVAE_8629
CVAE_8630	CVAE_8630
CVAE_8633	CVAE_8633
CVAE_8634	CVAE_8634
CVAE_8639	CVAE_8639
CVAE_8640	CVAE_8640
CVAE_8647	CVAE_8647
CVAE_8651	CVAE_8651
CVAE_8667	CVAE_8667
CVAE_8673	CVAE_8673
CVAE_8676	CVAE_8676
CVAE_8678	CVAE_8678
CVAE_8679	CVAE_8679
CVAE_8680	CVAE_8680
CVAE_8682	CVAE_8682
CVAE_8685	CVAE_8685
CVAE_8686	CVAE_8686
CVAE_8687	CVAE_8687
CVAE_8688	CVAE_8688
CVAE_8691	CVAE_8691
CVAE_8693	CVAE_8693
CVAE_8695	CVAE_8695
CVAE_8696	CVAE_8696
CVAE_8703	CVAE_8703
CVAE_8704	CVAE_8704
CVAE_8709	CVAE_8709
CVAE_8713	CVAE_8713
CVAE_8715	CVAE_8715
CVAE_8718	CVAE_8718
CVAE_8723	CVAE_8723
CVAE_8727	CVAE_8727
CVAE_8731	CVAE_8731
CVAE_8733	CVAE_8733
CVAE_8738	CVAE_8738
CVAE_8739	CVAE_8739
CVAE_8743	CVAE_8743
CVAE_8743	CVAE_8214
CVAE_8748	CVAE_8748
CVAE_8749	CVAE_8749
CVAE_8755	CVAE_8755
CVAE_8756	CVAE_8756
CVAE_8762	CVAE_8762
CVAE_8764	CVAE_8764
CVAE_8772	CVAE_8772
CVAE_8774	CVAE_8774
CVAE_8778	CVAE_8778
CVAE_8782	CVAE_8782
CVAE_8783	CVAE_8783
CVAE_8784	CVAE_8784
CVAE_8785	CVAE_8785
CVAE_8786	CVAE_8786
CVAE_8788	CVAE_8788
CVAE_8791	CVAE_8791
CVAE_8792	CVAE_8792
CVAE_8793	CVAE_8793
CVAE_8797	CVAE_8797
CVAE_8799	CVAE_8799
CVAE_8800	CVAE_8800
CVAE_8803	CVAE_8803
CVAE_8804	CVAE_8804
CVAE_8850	CVAE_8850
CVAE_8852	CVAE_8852
CVAE_8865	CVAE_8865
CVAE_8869	CVAE_8869
CVAE_8870	CVAE_8870
CVAE_8875	CVAE_8875
CVAE_8876	CVAE_8876
CVAE_8890	CVAE_8890
CVAE_8903	CVAE_8903
CVAE_8906	CVAE_8906
CVAE_8907	CVAE_8907
CVAE_1	CVAE_1
CVAE_2	CVAE_2
CVAE_3	CVAE_3
CVAE_5	CVAE_5
CVAE_6	CVAE_6
CVAE_7	CVAE_7
CVAE_9	CVAE_9
CVAE_11	CVAE_11
CVAE_12	CVAE_12
CVAE_16	CVAE_16
CVAE_17	CVAE_17
CVAE_19	CVAE_19
CVAE_21	CVAE_21
CVAE_22	CVAE_22
CVAE_23	CVAE_23
CVAE_24	CVAE_24
CVAE_25	CVAE_25
CVAE_28	CVAE_28
CVAE_30	CVAE_30
CVAE_32	CVAE_32
CVAE_33	CVAE_33
CVAE_35	CVAE_35
CVAE_37	CVAE_37
CVAE_39	CVAE_39
CVAE_44	CVAE_44
CVAE_45	CVAE_45
CVAE_46	CVAE_46
CVAE_47	CVAE_47
CVAE_49	CVAE_49
CVAE_50	CVAE_50
CVAE_51	CVAE_51
CVAE_53	CVAE_53
CVAE_54	CVAE_54
CVAE_55	CVAE_55
CVAE_56	CVAE_56
CVAE_57	CVAE_57
CVAE_58	CVAE_58
CVAE_59	CVAE_59
CVAE_61	CVAE_61
CVAE_64	CVAE_64
CVAE_65	CVAE_65
CVAE_67	CVAE_67
CVAE_70	CVAE_70
CVAE_72	CVAE_72
CVAE_74	CVAE_74
CVAE_78	CVAE_78
CVAE_81	CVAE_81
CVAE_82	CVAE_82
CVAE_85	CVAE_85
CVAE_88	CVAE_88
CVAE_90	CVAE_90
CVAE_92	CVAE_92
CVAE_93	CVAE_93
CVAE_94	CVAE_94
CVAE_98	CVAE_98
CVAE_100	CVAE_100
CVAE_101	CVAE_101
CVAE_103	CVAE_103
CVAE_105	CVAE_105
CVAE_106	CVAE_106
CVAE_107	CVAE_107
CVAE_109	CVAE_109
CVAE_112	CVAE_112
CVAE_113	CVAE_113
CVAE_135	CVAE_135
CVAE_138	CVAE_138
CVAE_139	CVAE_139
CVAE_140	CVAE_140
CVAE_143	CVAE_143
CVAE_148	CVAE_148
CVAE_150	CVAE_150
CVAE_152	CVAE_152
CVAE_153	CVAE_153
CVAE_155	CVAE_155
CVAE_160	CVAE_160
CVAE_162	CVAE_162
CVAE_163	CVAE_163
CVAE_164	CVAE_164
CVAE_165	CVAE_165
CVAE_166	CVAE_166
CVAE_167	CVAE_167
CVAE_169	CVAE_169
CVAE_171	CVAE_171
CVAE_172	CVAE_172
CVAE_173	CVAE_173
CVAE_180	CVAE_180
CVAE_181	CVAE_181
CVAE_184	CVAE_184
CVAE_185	CVAE_185
CVAE_186	CVAE_186
CVAE_191	CVAE_191
CVAE_201	CVAE_201
CVAE_206	CVAE_206
CVAE_210	CVAE_210
CVAE_211	CVAE_211
CVAE_213	CVAE_213
CVAE_215	CVAE_215
CVAE_217	CVAE_217
CVAE_577	CVAE_577
CVAE_579	CVAE_579
CVAE_580	CVAE_580
CVAE_581	CVAE_581
CVAE_582	CVAE_582
CVAE_584	CVAE_584
CVAE_588	CVAE_588
CVAE_588	CVAE_6689
CVAE_588	CVAE_7203
CVAE_589	CVAE_589
CVAE_591	CVAE_591
CVAE_592	CVAE_592
CVAE_593	CVAE_593
CVAE_601	CVAE_601
CVAE_602	CVAE_602
CVAE_603	CVAE_603
CVAE_607	CVAE_607
CVAE_612	CVAE_612
CVAE_622	CVAE_622
CVAE_631	CVAE_631
CVAE_634	CVAE_634
CVAE_636	CVAE_636
CVAE_637	CVAE_637
CVAE_647	CVAE_647
CVAE_648	CVAE_648
CVAE_650	CVAE_650
CVAE_653	CVAE_653
CVAE_659	CVAE_659
CVAE_660	CVAE_660
CVAE_666	CVAE_666
CVAE_667	CVAE_667
CVAE_676	CVAE_676
CVAE_689	CVAE_689
CVAE_692	CVAE_692
CVAE_713	CVAE_713
CVAE_716	CVAE_716
CVAE_719	CVAE_719
CVAE_720	CVAE_720
CVAE_730	CVAE_730
CVAE_733	CVAE_733
CVAE_771	CVAE_771
CVAE_774	CVAE_774
CVAE_777	CVAE_777
CVAE_801	CVAE_801
CVAE_802	CVAE_802
CVAE_803	CVAE_803
CVAE_804	CVAE_804
CVAE_806	CVAE_806
CVAE_807	CVAE_807
CVAE_817	CVAE_817
CVAE_818	CVAE_818
CVAE_826	CVAE_826
CVAE_830	CVAE_830
CVAE_837	CVAE_837
CVAE_838	CVAE_838
CVAE_839	CVAE_839
CVAE_840	CVAE_840
CVAE_841	CVAE_841
CVAE_843	CVAE_843
CVAE_845	CVAE_845
CVAE_846	CVAE_846
CVAE_848	CVAE_848
CVAE_852	CVAE_852
CVAE_853	CVAE_853
CVAE_854	CVAE_854
CVAE_855	CVAE_855
CVAE_857	CVAE_857
CVAE_858	CVAE_858
CVAE_860	CVAE_860
CVAE_862	CVAE_862
CVAE_863	CVAE_863
CVAE_866	CVAE_866
CVAE_869	CVAE_869
CVAE_871	CVAE_871
CVAE_873	CVAE_873
CVAE_880	CVAE_880
CVAE_882	CVAE_882
CVAE_883	CVAE_883
CVAE_884	CVAE_884
CVAE_885	CVAE_885
CVAE_886	CVAE_886
CVAE_888	CVAE_888
CVAE_889	CVAE_889
CVAE_903	CVAE_903
CVAE_904	CVAE_904
CVAE_907	CVAE_907
CVAE_910	CVAE_910
CVAE_915	CVAE_915
CVAE_924	CVAE_924
CVAE_926	CVAE_926
CVAE_934	CVAE_934
CVAE_940	CVAE_940
CVAE_945	CVAE_945
CVAE_946	CVAE_946
CVAE_947	CVAE_947
CVAE_949	CVAE_949
CVAE_950	CVAE_950
CVAE_953	CVAE_953
CVAE_3612	CVAE_3612
CVAE_3613	CVAE_3613
CVAE_3615	CVAE_3615
CVAE_3616	CVAE_3616
CVAE_3618	CVAE_3618
CVAE_3619	CVAE_3619
CVAE_3622	CVAE_3622
CVAE_3626	CVAE_3626
CVAE_3627	CVAE_3627
CVAE_3628	CVAE_3628
CVAE_3630	CVAE_3630
CVAE_3635	CVAE_3635
CVAE_3638	CVAE_3638
CVAE_3641	CVAE_3641
CVAE_3645	CVAE_3645
CVAE_3647	CVAE_3647
CVAE_3667	CVAE_3667
CVAE_3668	CVAE_3668
CVAE_3671	CVAE_3671
CVAE_3672	CVAE_3672
CVAE_3674	CVAE_3674
CVAE_3676	CVAE_3676
CVAE_3679	CVAE_3679
CVAE_3688	CVAE_3688
CVAE_3691	CVAE_3691
CVAE_3693	CVAE_3693
CVAE_3694	CVAE_3694
CVAE_3696	CVAE_3696
CVAE_3700	CVAE_3700
CVAE_3703	CVAE_3703
CVAE_3706	CVAE_3706
CVAE_3707	CVAE_3707
CVAE_3709	CVAE_3709
CVAE_3712	CVAE_3712
CVAE_3713	CVAE_3713
CVAE_3717	CVAE_3717
CVAE_3718	CVAE_3718
CVAE_3719	CVAE_3719
CVAE_3720	CVAE_3720
CVAE_3720	CVAE_3029
CVAE_3721	CVAE_3721
CVAE_3722	CVAE_3722
CVAE_3724	CVAE_3724
CVAE_3725	CVAE_3725
CVAE_3726	CVAE_3726
CVAE_3728	CVAE_3728
CVAE_3729	CVAE_3729
CVAE_3730	CVAE_3730
CVAE_3731	CVAE_3731
CVAE_3732	CVAE_3732
CVAE_3734	CVAE_3734
CVAE_3738	CVAE_3738
CVAE_3740	CVAE_3740
CVAE_3742	CVAE_3742
CVAE_3744	CVAE_3744
CVAE_3745	CVAE_3745
CVAE_3746	CVAE_3746
CVAE_3754	CVAE_3754
CVAE_3755	CVAE_3755
CVAE_3757	CVAE_3757
CVAE_3758	CVAE_3758
CVAE_3759	CVAE_3759
CVAE_3762	CVAE_3762
CVAE_3765	CVAE_3765
CVAE_3766	CVAE_3766
CVAE_3767	CVAE_3767
CVAE_3770	CVAE_3770
CVAE_3771	CVAE_3771
CVAE_3773	CVAE_3773
CVAE_3775	CVAE_3775
CVAE_3777	CVAE_3777
CVAE_3784	CVAE_3784
CVAE_3828	CVAE_3828
CVAE_3830	CVAE_3830
CVAE_3831	CVAE_3831
CVAE_3834	CVAE_3834
CVAE_3837	CVAE_3837
CVAE_3847	CVAE_3847
CVAE_3849	CVAE_3849
CVAE_3851	CVAE_3851
CVAE_3852	CVAE_3852
CVAE_3855	CVAE_3855
CVAE_3856	CVAE_3856
CVAE_3859	CVAE_3859
CVAE_3860	CVAE_3860
CVAE_3860	CVAE_3338
CVAE_3864	CVAE_3864
CVAE_3866	CVAE_3866
CVAE_3868	CVAE_3868
CVAE_3871	CVAE_3871
CVAE_3872	CVAE_3872
CVAE_3873	CVAE_3873
CVAE_3874	CVAE_3874
CVAE_3877	CVAE_3877
CVAE_3880	CVAE_3880
CVAE_3884	CVAE_3884
CVAE_3886	CVAE_3886
CVAE_3887	CVAE_3887
CVAE_3889	CVAE_3889
CVAE_3890	CVAE_3890
CVAE_3891	CVAE_3891
CVAE_3898	CVAE_3898
CVAE_3905	CVAE_3905
CVAE_3906	CVAE_3906
CVAE_3908	CVAE_3908
CVAE_3909	CVAE_3909
CVAE_3910	CVAE_3910
CVAE_3912	CVAE_3912
CVAE_3913	CVAE_3913
CVAE_3922	CVAE_3922
CVAE_3925	CVAE_3925
CVAE_3942	CVAE_3942
CVAE_3944	CVAE_3944
CVAE_3945	CVAE_3945
CVAE_3951	CVAE_3951
CVAE_3957	CVAE_3957
CVAE_3973	CVAE_3973
CVAE_3975	CVAE_3975
CVAE_3978	CVAE_3978
CVAE_3979	CVAE_3979
CVAE_3981	CVAE_3981
CVAE_3986	CVAE_3986
CVAE_3987	CVAE_3987
CVAE_3988	CVAE_3988
CVAE_3991	CVAE_3991
CVAE_3994	CVAE_3994
CVAE_3996	CVAE_3996
CVAE_3998	CVAE_3998
CVAE_3999	CVAE_3999
CVAE_4001	CVAE_4001
CVAE_4009	CVAE_4009
CVAE_4012	CVAE_4012
CVAE_4021	CVAE_4021
CVAE_4044	CVAE_4044
CVAE_4046	CVAE_4046
CVAE_4047	CVAE_4047
CVAE_4048	CVAE_4048
CVAE_4049	CVAE_4049
CVAE_4050	CVAE_4050
CVAE_4051	CVAE_4051
CVAE_4051	CVAE_2215
CVAE_4052	CVAE_4052
CVAE_4055	CVAE_4055
CVAE_4057	CVAE_4057
CVAE_4059	CVAE_4059
CVAE_4060	CVAE_4060
CVAE_4061	CVAE_4061
CVAE_4062	CVAE_4062
CVAE_4063	CVAE_4063
CVAE_4064	CVAE_4064
CVAE_4066	CVAE_4066
CVAE_4067	CVAE_4067
CVAE_4069	CVAE_4069
CVAE_4070	CVAE_4070
CVAE_4071	CVAE_4071
CVAE_4075	CVAE_4075
CVAE_4077	CVAE_4077
CVAE_4079	CVAE_4079
CVAE_4089	CVAE_4089
CVAE_4093	CVAE_4093
CVAE_4096	CVAE_4096
CVAE_4097	CVAE_4097
CVAE_4099	CVAE_4099
CVAE_4100	CVAE_4100
CVAE_4101	CVAE_4101
CVAE_4103	CVAE_4103
CVAE_4105	CVAE_4105
CVAE_4107	CVAE_4107
CVAE_4111	CVAE_4111
CVAE_4112	CVAE_4112
CVAE_4113	CVAE_4113
CVAE_4115	CVAE_4115
CVAE_4118	CVAE_4118
CVAE_4127	CVAE_4127
CVAE_4131	CVAE_4131
CVAE_4136	CVAE_4136
CVAE_4138	CVAE_4138
CVAE_4150	CVAE_4150
CVAE_4154	CVAE_4154
CVAE_4155	CVAE_4155
CVAE_4160	CVAE_4160
CVAE_4163	CVAE_4163
CVAE_4166	CVAE_4166
CVAE_4168	CVAE_4168
CVAE_4169	CVAE_4169
CVAE_4172	CVAE_4172
CVAE_4173	CVAE_4173
CVAE_4185	CVAE_4185
CVAE_4188	CVAE_4188
CVAE_4189	CVAE_4189
CVAE_4190	CVAE_4190
CVAE_4195	CVAE_4195
CVAE_4196	CVAE_4196
CVAE_4205	CVAE_4205
CVAE_4208	CVAE_4208
CVAE_4211	CVAE_4211
CVAE_4218	CVAE_4218
CVAE_4221	CVAE_4221
CVAE_4222	CVAE_4222
CVAE_4223	CVAE_4223
CVAE_4224	CVAE_4224
CVAE_4228	CVAE_4228
CVAE_4230	CVAE_4230
CVAE_4231	CVAE_4231
CVAE_4236	CVAE_4236
CVAE_4237	CVAE_4237
CVAE_4240	CVAE_4240
CVAE_4241	CVAE_4241
CVAE_4243	CVAE_4243
CVAE_4246	CVAE_4246
CVAE_4247	CVAE_4247
CVAE_4249	CVAE_4249
CVAE_4253	CVAE_4253
CVAE_4256	CVAE_4256
CVAE_4262	CVAE_4262
CVAE_4266	CVAE_4266
CVAE_4268	CVAE_4268
CVAE_4270	CVAE_4270
CVAE_4271	CVAE_4271
CVAE_4274	CVAE_4274
CVAE_4277	CVAE_4277
CVAE_4278	CVAE_4278
CVAE_4281	CVAE_4281
CVAE_4283	CVAE_4283
CVAE_4284	CVAE_4284
CVAE_4288	CVAE_4288
CVAE_4289	CVAE_4289
CVAE_4290	CVAE_4290
CVAE_4292	CVAE_4292
CVAE_4293	CVAE_4293
CVAE_4295	CVAE_4295
CVAE_4297	CVAE_4297
CVAE_4301	CVAE_4301
CVAE_4302	CVAE_4302
CVAE_4303	CVAE_4303
CVAE_4305	CVAE_4305
CVAE_4306	CVAE_4306
CVAE_4307	CVAE_4307
CVAE_4310	CVAE_4310
CVAE_4312	CVAE_4312
CVAE_4322	CVAE_4322
CVAE_4323	CVAE_4323
CVAE_4329	CVAE_4329
CVAE_4334	CVAE_4334
CVAE_4342	CVAE_4342
CVAE_4357	CVAE_4357
CVAE_4364	CVAE_4364
CVAE_4373	CVAE_4373
CVAE_4377	CVAE_4377
CVAE_4380	CVAE_4380
CVAE_4380	CVAE_1991
CVAE_4383	CVAE_4383
CVAE_4386	CVAE_4386
CVAE_4387	CVAE_4387
CVAE_4393	CVAE_4393
CVAE_4394	CVAE_4394
CVAE_4395	CVAE_4395
CVAE_4399	CVAE_4399
CVAE_4402	CVAE_4402
CVAE_4403	CVAE_4403
CVAE_4407	CVAE_4407
CVAE_4410	CVAE_4410
CVAE_4421	CVAE_4421
CVAE_4423	CVAE_4423
CVAE_4424	CVAE_4424
CVAE_4429	CVAE_4429
CVAE_4430	CVAE_4430
CVAE_4431	CVAE_4431
CVAE_4435	CVAE_4435
CVAE_4436	CVAE_4436
CVAE_4443	CVAE_4443
CVAE_4445	CVAE_4445
CVAE_4447	CVAE_4447
CVAE_4448	CVAE_4448
CVAE_4452	CVAE_4452
CVAE_4453	CVAE_4453
CVAE_4460	CVAE_4460
CVAE_4463	CVAE_4463
CVAE_4467	CVAE_4467
CVAE_4471	CVAE_4471
CVAE_4473	CVAE_4473
CVAE_4477	CVAE_4477
CVAE_4484	CVAE_4484
CVAE_4495	CVAE_4495
CVAE_4503	CVAE_4503
CVAE_4504	CVAE_4504
CVAE_4506	CVAE_4506
CVAE_4508	CVAE_4508
CVAE_4509	CVAE_4509
CVAE_4510	CVAE_4510
CVAE_4515	CVAE_4515
CVAE_4518	CVAE_4518
CVAE_4520	CVAE_4520
CVAE_4521	CVAE_4521
CVAE_5387	CVAE_5387
CVAE_5393	CVAE_5393
CVAE_5395	CVAE_5395
CVAE_5397	CVAE_5397
CVAE_5398	CVAE_5398
CVAE_5399	CVAE_5399
CVAE_5400	CVAE_5400
CVAE_5401	CVAE_5401
CVAE_5403	CVAE_5403
CVAE_5406	CVAE_5406
CVAE_5409	CVAE_5409
CVAE_5411	CVAE_5411
CVAE_5413	CVAE_5413
CVAE_5414	CVAE_5414
CVAE_5415	CVAE_5415
CVAE_5416	CVAE_5416
CVAE_5417	CVAE_5417
CVAE_5418	CVAE_5418
CVAE_5419	CVAE_5419
CVAE_5421	CVAE_5421
CVAE_5422	CVAE_5422
CVAE_5427	CVAE_5427
CVAE_5429	CVAE_5429
CVAE_5430	CVAE_5430
CVAE_5432	CVAE_5432
CVAE_5435	CVAE_5435
CVAE_5437	CVAE_5437
CVAE_5439	CVAE_5439
CVAE_5440	CVAE_5440
CVAE_5443	CVAE_5443
CVAE_5445	CVAE_5445
CVAE_5447	CVAE_5447
CVAE_5448	CVAE_5448
CVAE_5450	CVAE_5450
CVAE_5453	CVAE_5453
CVAE_5454	CVAE_5454
CVAE_5455	CVAE_5455
CVAE_5458	CVAE_5458
CVAE_5460	CVAE_5460
CVAE_5461	CVAE_5461
CVAE_5463	CVAE_5463
CVAE_5478	CVAE_5478
CVAE_5485	CVAE_5485
CVAE_5486	CVAE_5486
CVAE_5491	CVAE_5491
CVAE_5504	CVAE_5504
CVAE_5507	CVAE_5507
CVAE_5509	CVAE_5509
CVAE_5511	CVAE_5511
CVAE_5512	CVAE_5512
CVAE_5515	CVAE_5515
CVAE_5517	CVAE_5517
CVAE_5518	CVAE_5518
CVAE_5524	CVAE_5524
CVAE_5525	CVAE_5525
CVAE_5527	CVAE_5527
CVAE_5536	CVAE_5536
CVAE_5548	CVAE_5548
CVAE_5550	CVAE_5550
CVAE_5551	CVAE_5551
CVAE_5552	CVAE_5552
CVAE_5556	CVAE_5556
CVAE_5557	CVAE_5557
CVAE_5558	CVAE_5558
CVAE_5560	CVAE_5560
CVAE_5564	CVAE_5564
CVAE_5565	CVAE_5565
CVAE_5566	CVAE_5566
CVAE_5567	CVAE_5567
CVAE_5600	CVAE_5600
CVAE_5603	CVAE_5603
CVAE_5604	CVAE_5604
CVAE_5606	CVAE_5606
CVAE_5608	CVAE_5608
CVAE_5610	CVAE_5610
CVAE_5611	CVAE_5611
CVAE_5612	CVAE_5612
CVAE_5613	CVAE_5613
CVAE_5614	CVAE_5614
CVAE_5617	CVAE_5617
CVAE_5620	CVAE_5620
CVAE_5622	CVAE_5622
CVAE_5624	CVAE_5624
CVAE_5626	CVAE_5626
CVAE_5627	CVAE_5627
CVAE_5628	CVAE_5628
CVAE_5632	CVAE_5632
CVAE_5638	CVAE_5638
CVAE_5639	CVAE_5639
CVAE_5649	CVAE_5649
CVAE_5651	CVAE_5651
CVAE_5654	CVAE_5654
CVAE_5663	CVAE_5663
CVAE_5665	CVAE_5665
CVAE_5666	CVAE_5666
CVAE_5668	CVAE_5668
CVAE_5672	CVAE_5672
CVAE_5674	CVAE_5674
CVAE_6293	CVAE_6293
CVAE_6296	CVAE_6296
CVAE_6298	CVAE_6298
CVAE_6299	CVAE_6299
CVAE_6302	CVAE_6302
CVAE_6303	CVAE_6303
CVAE_6304	CVAE_6304
CVAE_6305	CVAE_6305
CVAE_6306	CVAE_6306
CVAE_6308	CVAE_6308
CVAE_6309	CVAE_6309
CVAE_6310	CVAE_6310
CVAE_6312	CVAE_6312
CVAE_6313	CVAE_6313
CVAE_6315	CVAE_6315
CVAE_6317	CVAE_6317
CVAE_6319	CVAE_6319
CVAE_6321	CVAE_6321
CVAE_6322	CVAE_6322
CVAE_6324	CVAE_6324
CVAE_6325	CVAE_6325
CVAE_6327	CVAE_6327
CVAE_6330	CVAE_6330
CVAE_6331	CVAE_6331
CVAE_6333	CVAE_6333
CVAE_6334	CVAE_6334
CVAE_6337	CVAE_6337
CVAE_6338	CVAE_6338
CVAE_6340	CVAE_6340
CVAE_6341	CVAE_6341
CVAE_6342	CVAE_6342
CVAE_6343	CVAE_6343
CVAE_6346	CVAE_6346
CVAE_6347	CVAE_6347
CVAE_6352	CVAE_6352
CVAE_6355	CVAE_6355
CVAE_6358	CVAE_6358
CVAE_6360	CVAE_6360
CVAE_6360	CVAE_2217
CVAE_6362	CVAE_6362
CVAE_6363	CVAE_6363
CVAE_6364	CVAE_6364
CVAE_6365	CVAE_6365
CVAE_6367	CVAE_6367
CVAE_6370	CVAE_6370
CVAE_6373	CVAE_6373
CVAE_6374	CVAE_6374
CVAE_6378	CVAE_6378
CVAE_6380	CVAE_6380
CVAE_6383	CVAE_6383
CVAE_6384	CVAE_6384
CVAE_6386	CVAE_6386
CVAE_6389	CVAE_6389
CVAE_6392	CVAE_6392
CVAE_6393	CVAE_6393
CVAE_6407	CVAE_6407
CVAE_6409	CVAE_6409
CVAE_6410	CVAE_6410
CVAE_6411	CVAE_6411
CVAE_6412	CVAE_6412
CVAE_6415	CVAE_6415
CVAE_6419	CVAE_6419
CVAE_6421	CVAE_6421
CVAE_6422	CVAE_6422
CVAE_6425	CVAE_6425
CVAE_6426	CVAE_6426
CVAE_6427	CVAE_6427
CVAE_6428	CVAE_6428
CVAE_6429	CVAE_6429
CVAE_6430	CVAE_6430
CVAE_6431	CVAE_6431
CVAE_6432	CVAE_6432
CVAE_6435	CVAE_6435
CVAE_6441	CVAE_6441
CVAE_6447	CVAE_6447
CVAE_6449	CVAE_6449
CVAE_6450	CVAE_6450
CVAE_6454	CVAE_6454
CVAE_6455	CVAE_6455
CVAE_6458	CVAE_6458
CVAE_6463	CVAE_6463
CVAE_6465	CVAE_6465
CVAE_6472	CVAE_6472
CVAE_6475	CVAE_6475
CVAE_6486	CVAE_6486
CVAE_6489	CVAE_6489
CVAE_6490	CVAE_6490
CVAE_6497	CVAE_6497
CVAE_6501	CVAE_6501
CVAE_6511	CVAE_6511
CVAE_6516	CVAE_6516
CVAE_6522	CVAE_6522
CVAE_6524	CVAE_6524
CVAE_6527	CVAE_6527
CVAE_6530	CVAE_6530
CVAE_6533	CVAE_6533
CVAE_6535	CVAE_6535
CVAE_6536	CVAE_6536
CVAE_6539	CVAE_6539
CVAE_6540	CVAE_6540
CVAE_6540	CVAE_4727
CVAE_6541	CVAE_6541
CVAE_6544	CVAE_6544
CVAE_6545	CVAE_6545
CVAE_6562	CVAE_6562
CVAE_6566	CVAE_6566
CVAE_6568	CVAE_6568
CVAE_6572	CVAE_6572
CVAE_6578	CVAE_6578
CVAE_6582	CVAE_6582
CVAE_6583	CVAE_6583
CVAE_6584	CVAE_6584
CVAE_6585	CVAE_6585
CVAE_6588	CVAE_6588
CVAE_6590	CVAE_6590
CVAE_6591	CVAE_6591
CVAE_6599	CVAE_6599
CVAE_6601	CVAE_6601
CVAE_6603	CVAE_6603
CVAE_6606	CVAE_6606
CVAE_6607	CVAE_6607
CVAE_6609	CVAE_6609
CVAE_6610	CVAE_6610
CVAE_6611	CVAE_6611
CVAE_6613	CVAE_6613
CVAE_6615	CVAE_6615
CVAE_6617	CVAE_6617
CVAE_6618	CVAE_6618
CVAE_6620	CVAE_6620
CVAE_6621	CVAE_6621
CVAE_6622	CVAE_6622
CVAE_6625	CVAE_6625
CVAE_6628	CVAE_6628
CVAE_6629	CVAE_6629
CVAE_6630	CVAE_6630
CVAE_6637	CVAE_6637
CVAE_6641	CVAE_6641
CVAE_6642	CVAE_6642
CVAE_6643	CVAE_6643
CVAE_6645	CVAE_6645
CVAE_6646	CVAE_6646
CVAE_6647	CVAE_6647
CVAE_6648	CVAE_6648
CVAE_6653	CVAE_6653
CVAE_6665	CVAE_6665
CVAE_6665	CVAE_151
CVAE_6670	CVAE_6670
CVAE_6682	CVAE_6682
CVAE_6685	CVAE_6685
CVAE_6687	CVAE_6687
CVAE_6688	CVAE_6688
CVAE_6691	CVAE_6691
CVAE_6694	CVAE_6694
CVAE_6695	CVAE_6695
CVAE_6697	CVAE_6697
CVAE_6698	CVAE_6698
CVAE_6700	CVAE_6700
CVAE_6714	CVAE_6714
CVAE_6718	CVAE_6718
CVAE_6722	CVAE_6722
CVAE_6723	CVAE_6723
CVAE_6724	CVAE_6724
CVAE_6730	CVAE_6730
CVAE_6731	CVAE_6731
CVAE_6732	CVAE_6732
CVAE_6734	CVAE_6734
CVAE_6735	CVAE_6735
CVAE_6739	CVAE_6739
CVAE_6740	CVAE_6740
CVAE_6746	CVAE_6746
CVAE_6747	CVAE_6747
CVAE_6748	CVAE_6748
CVAE_6749	CVAE_6749
CVAE_6751	CVAE_6751
CVAE_6752	CVAE_6752
CVAE_6754	CVAE_6754
CVAE_6761	CVAE_6761
CVAE_6763	CVAE_6763
CVAE_6764	CVAE_6764
CVAE_6765	CVAE_6765
CVAE_6767	CVAE_6767
CVAE_6768	CVAE_6768
CVAE_6769	CVAE_6769
CVAE_6770	CVAE_6770
CVAE_6771	CVAE_6771
CVAE_6773	CVAE_6773
CVAE_6774	CVAE_6774
CVAE_6775	CVAE_6775
CVAE_6776	CVAE_6776
CVAE_6777	CVAE_6777
CVAE_6778	CVAE_6778
CVAE_6781	CVAE_6781
CVAE_6782	CVAE_6782
CVAE_6783	CVAE_6783
CVAE_6784	CVAE_6784
CVAE_6785	CVAE_6785
CVAE_6787	CVAE_6787
CVAE_6788	CVAE_6788
CVAE_6789	CVAE_6789
CVAE_6791	CVAE_6791
CVAE_6792	CVAE_6792
CVAE_6793	CVAE_6793
CVAE_6794	CVAE_6794
CVAE_6801	CVAE_6801
CVAE_6803	CVAE_6803
CVAE_6804	CVAE_6804
CVAE_6805	CVAE_6805
CVAE_6903	CVAE_6903
CVAE_6905	CVAE_6905
CVAE_6908	CVAE_6908
CVAE_6909	CVAE_6909
CVAE_6910	CVAE_6910
CVAE_6922	CVAE_6922
CVAE_6923	CVAE_6923
CVAE_6937	CVAE_6937
CVAE_6952	CVAE_6952
CVAE_6954	CVAE_6954
CVAE_6955	CVAE_6955
CVAE_6956	CVAE_6956
CVAE_6958	CVAE_6958
CVAE_6961	CVAE_6961
CVAE_6962	CVAE_6962
CVAE_6963	CVAE_6963
CVAE_6965	CVAE_6965
CVAE_6998	CVAE_6998
CVAE_7009	CVAE_7009
CVAE_7012	CVAE_7012
CVAE_7013	CVAE_7013
CVAE_7017	CVAE_7017
CVAE_7018	CVAE_7018
CVAE_7022	CVAE_7022
CVAE_7024	CVAE_7024
CVAE_7025	CVAE_7025
CVAE_7028	CVAE_7028
CVAE_7031	CVAE_7031
CVAE_7033	CVAE_7033
CVAE_7034	CVAE_7034
CVAE_7038	CVAE_7038
CVAE_7041	CVAE_7041
CVAE_7042	CVAE_7042
CVAE_7044	CVAE_7044
CVAE_7045	CVAE_7045
CVAE_7046	CVAE_7046
CVAE_7047	CVAE_7047
CVAE_7048	CVAE_7048
CVAE_7050	CVAE_7050
CVAE_7052	CVAE_7052
CVAE_7053	CVAE_7053
CVAE_7055	CVAE_7055
CVAE_7056	CVAE_7056
CVAE_7057	CVAE_7057
CVAE_7062	CVAE_7062
CVAE_7064	CVAE_7064
CVAE_7068	CVAE_7068
CVAE_7069	CVAE_7069
CVAE_7071	CVAE_7071
CVAE_7072	CVAE_7072
CVAE_7075	CVAE_7075
CVAE_7076	CVAE_7076
CVAE_7078	CVAE_7078
CVAE_7081	CVAE_7081
CVAE_7084	CVAE_7084
CVAE_7086	CVAE_7086
CVAE_7088	CVAE_7088
CVAE_7088	CVAE_3488
CVAE_7090	CVAE_7090
CVAE_7094	CVAE_7094
CVAE_7096	CVAE_7096
CVAE_7100	CVAE_7100
CVAE_7101	CVAE_7101
CVAE_7103	CVAE_7103
CVAE_7105	CVAE_7105
CVAE_7109	CVAE_7109
CVAE_7111	CVAE_7111
CVAE_7112	CVAE_7112
CVAE_7117	CVAE_7117
CVAE_7118	CVAE_7118
CVAE_7124	CVAE_7124
CVAE_7128	CVAE_7128
CVAE_7137	CVAE_7137
CVAE_7138	CVAE_7138
CVAE_7141	CVAE_7141
CVAE_7153	CVAE_7153
CVAE_7154	CVAE_7154
CVAE_7159	CVAE_7159
CVAE_7160	CVAE_7160
CVAE_7161	CVAE_7161
CVAE_7162	CVAE_7162
CVAE_7184	CVAE_7184
CVAE_7188	CVAE_7188
CVAE_7191	CVAE_7191
CVAE_7196	CVAE_7196
CVAE_7201	CVAE_7201
CVAE_7202	CVAE_7202
CVAE_7206	CVAE_7206
CVAE_7208	CVAE_7208
CVAE_7209	CVAE_7209
CVAE_7213	CVAE_7213
CVAE_7214	CVAE_7214
CVAE_7216	CVAE_7216
CVAE_8908	CVAE_8908
CVAE_8909	CVAE_8909
CVAE_8913	CVAE_8913
CVAE_8914	CVAE_8914
CVAE_8915	CVAE_8915
CVAE_8915	CVAE_4258
CVAE_8917	CVAE_8917
CVAE_8921	CVAE_8921
CVAE_8923	CVAE_8923
CVAE_8924	CVAE_8924
CVAE_8927	CVAE_8927
CVAE_8927	CVAE_3845
CVAE_8928	CVAE_8928
CVAE_8929	CVAE_8929
CVAE_8930	CVAE_8930
CVAE_8930	CVAE_533
CVAE_8931	CVAE_8931
CVAE_8932	CVAE_8932
CVAE_8934	CVAE_8934
CVAE_8936	CVAE_8936
CVAE_8943	CVAE_8943
CVAE_8948	CVAE_8948
CVAE_8952	CVAE_8952
CVAE_8953	CVAE_8953
CVAE_8955	CVAE_8955
CVAE_8958	CVAE_8958
CVAE_8960	CVAE_8960
CVAE_8961	CVAE_8961
CVAE_8963	CVAE_8963
CVAE_8964	CVAE_8964
CVAE_8965	CVAE_8965
CVAE_8966	CVAE_8966
CVAE_8966	CVAE_2134
CVAE_8969	CVAE_8969
CVAE_8970	CVAE_8970
CVAE_8972	CVAE_8972
CVAE_8974	CVAE_8974
CVAE_8976	CVAE_8976
CVAE_8977	CVAE_8977
CVAE_8978	CVAE_8978
CVAE_8981	CVAE_8981
CVAE_8982	CVAE_8982
CVAE_8987	CVAE_8987
CVAE_8989	CVAE_8989
CVAE_8991	CVAE_8991
CVAE_9002	CVAE_9002
CVAE_9003	CVAE_9003
CVAE_9005	CVAE_9005
CVAE_9007	CVAE_9007
CVAE_9009	CVAE_9009
CVAE_9010	CVAE_9010
CVAE_9013	CVAE_9013
CVAE_9014	CVAE_9014
CVAE_9018	CVAE_9018
CVAE_9019	CVAE_9019
CVAE_9027	CVAE_9027
CVAE_9029	CVAE_9029
CVAE_9031	CVAE_9031
CVAE_9032	CVAE_9032
CVAE_9035	CVAE_9035
CVAE_9042	CVAE_9042
CVAE_9043	CVAE_9043
CVAE_9047	CVAE_9047
CVAE_9051	CVAE_9051
CVAE_9058	CVAE_9058
CVAE_9064	CVAE_9064
CVAE_9071	CVAE_9071
CVAE_9079	CVAE_9079
CVAE_9081	CVAE_9081
CVAE_9083	CVAE_9083
CVAE_9084	CVAE_9084
CVAE_9085	CVAE_9085
CVAE_9094	CVAE_9094
CVAE_9095	CVAE_9095
CVAE_9095	CVAE_5762
CVAE_9097	CVAE_9097
CVAE_9099	CVAE_9099
CVAE_9100	CVAE_9100
CVAE_9101	CVAE_9101
CVAE_9105	CVAE_9105
CVAE_9108	CVAE_9108
CVAE_9110	CVAE_9110
CVAE_9122	CVAE_9122
CVAE_9123	CVAE_9123
CVAE_9124	CVAE_9124
CVAE_9125	CVAE_9125
CVAE_9127	CVAE_9127
CVAE_9131	CVAE_9131
CVAE_9146	CVAE_9146
CVAE_9147	CVAE_9147
CVAE_9153	CVAE_9153
CVAE_9158	CVAE_9158
CVAE_9159	CVAE_9159
CVAE_9162	CVAE_9162
CVAE_9165	CVAE_9165
CVAE_9168	CVAE_9168
CVAE_9169	CVAE_9169
CVAE_9171	CVAE_9171
CVAE_9174	CVAE_9174
CVAE_9175	CVAE_9175
CVAE_9176	CVAE_9176
CVAE_9177	CVAE_9177
CVAE_9180	CVAE_9180
CVAE_9182	CVAE_9182
CVAE_9185	CVAE_9185
CVAE_9188	CVAE_9188
CVAE_9196	CVAE_9196
CVAE_9197	CVAE_9197
CVAE_9198	CVAE_9198
CVAE_9203	CVAE_9203
CVAE_9207	CVAE_9207
CVAE_9208	CVAE_9208
CVAE_9209	CVAE_9209
CVAE_9211	CVAE_9211
CVAE_9213	CVAE_9213
CVAE_9217	CVAE_9217
CVAE_9219	CVAE_9219
CVAE_9222	CVAE_9222
CVAE_9223	CVAE_9223
CVAE_9224	CVAE_9224
CVAE_9226	CVAE_9226
CVAE_9230	CVAE_9230
CVAE_9236	CVAE_9236
CVAE_9237	CVAE_9237
CVAE_9238	CVAE_9238
CVAE_9240	CVAE_9240
CVAE_9242	CVAE_9242
CVAE_9246	CVAE_9246
CVAE_9255	CVAE_9255
CVAE_9256	CVAE_9256
CVAE_9257	CVAE_9257
CVAE_9258	CVAE_9258
CVAE_9259	CVAE_9259
CVAE_9267	CVAE_9267
CVAE_9270	CVAE_9270
CVAE_9275	CVAE_9275
CVAE_9307	CVAE_9307
CVAE_9308	CVAE_9308
CVAE_9312	CVAE_9312
CVAE_9326	CVAE_9326
CVAE_9332	CVAE_9332
CVAE_9333	CVAE_9333
CVAE_9335	CVAE_9335
CVAE_9337	CVAE_9337
CVAE_9347	CVAE_9347
CVAE_9348	CVAE_9348
CVAE_9350	CVAE_9350
CVAE_9352	CVAE_9352
CVAE_9353	CVAE_9353
CVAE_9354	CVAE_9354
CVAE_9365	CVAE_9365
CVAE_9381	CVAE_9381
CVAE_9382	CVAE_9382
CVAE_9388	CVAE_9388
CVAE_9393	CVAE_9393
CVAE_9396	CVAE_9396
CVAE_9405	CVAE_9405
CVAE_9409	CVAE_9409
CVAE_9412	CVAE_9412
CVAE_9416	CVAE_9416
CVAE_9418	CVAE_9418
CVAE_9422	CVAE_9422
CVAE_9423	CVAE_9423
CVAE_9426	CVAE_9426
CVAE_9427	CVAE_9427
CVAE_9430	CVAE_9430
CVAE_9437	CVAE_9437
CVAE_9443	CVAE_9443
CVAE_9444	CVAE_9444
CVAE_9445	CVAE_9445
CVAE_9447	CVAE_9447
CVAE_9448	CVAE_9448
CVAE_9449	CVAE_9449
CVAE_9451	CVAE_9451
CVAE_9473	CVAE_9473
CVAE_9495	CVAE_9495
CVAE_9496	CVAE_9496
CVAE_9510	CVAE_9510
CVAE_9514	CVAE_9514
CVAE_9517	CVAE_9517
CVAE_9521	CVAE_9521
CVAE_9525	CVAE_9525
CVAE_9527	CVAE_9527
CVAE_9528	CVAE_9528
CVAE_9533	CVAE_9533
CVAE_9534	CVAE_9534
CVAE_9536	CVAE_9536
CVAE_9544	CVAE_9544
CVAE_9547	CVAE_9547
CVAE_9554	CVAE_9554
CVAE_9569	CVAE_9569
CVAE_9574	CVAE_9574
CVAE_9576	CVAE_9576
CVAE_9579	CVAE_9579
CVAE_9580	CVAE_9580
CVAE_9582	CVAE_9582
CVAE_9585	CVAE_9585
CVAE_9588	CVAE_9588
CVAE_9592	CVAE_9592
CVAE_9593	CVAE_9593
CVAE_9594	CVAE_9594
CVAE_9595	CVAE_9595
CVAE_9596	CVAE_9596
CVAE_9598	CVAE_9598
CVAE_10945	CVAE_10945
CVAE_10948	CVAE_10948
CVAE_10955	CVAE_10955
CVAE_10958	CVAE_10958
CVAE_10960	CVAE_10960
CVAE_10963	CVAE_10963
CVAE_10968	CVAE_10968
CVAE_10970	CVAE_10970
CVAE_10971	CVAE_10971
CVAE_10975	CVAE_10975
CVAE_10981	CVAE_10981
CVAE_10986	CVAE_10986
CVAE_10988	CVAE_10988
CVAE_10992	CVAE_10992
CVAE_10992	CVAE_4826
CVAE_10996	CVAE_10996
CVAE_10998	CVAE_10998
CVAE_11000	CVAE_11000
CVAE_11004	CVAE_11004
CVAE_11020	CVAE_11020
CVAE_11022	CVAE_11022
CVAE_11023	CVAE_11023
CVAE_11025	CVAE_11025
CVAE_11027	CVAE_11027
CVAE_11031	CVAE_11031
CVAE_11032	CVAE_11032
CVAE_11034	CVAE_11034
CVAE_11035	CVAE_11035
CVAE_11035	CVAE_10609
CVAE_11042	CVAE_11042
CVAE_11044	CVAE_11044
CVAE_11048	CVAE_11048
CVAE_11056	CVAE_11056
CVAE_11058	CVAE_11058
CVAE_11059	CVAE_11059
CVAE_11066	CVAE_11066
CVAE_11073	CVAE_11073
CVAE_11077	CVAE_11077
CVAE_11079	CVAE_11079
CVAE_11083	CVAE_11083
CVAE_11086	CVAE_11086
CVAE_11091	CVAE_11091
CVAE_11092	CVAE_11092
CVAE_11093	CVAE_11093
CVAE_11094	CVAE_11094
CVAE_11096	CVAE_11096
CVAE_11099	CVAE_11099
CVAE_11099	CVAE_7875
CVAE_11101	CVAE_11101
CVAE_11106	CVAE_11106
CVAE_11108	CVAE_11108
CVAE_11117	CVAE_11117
CVAE_11133	CVAE_11133
CVAE_11137	CVAE_11137
CVAE_11138	CVAE_11138
CVAE_11151	CVAE_11151
CVAE_11154	CVAE_11154
CVAE_11156	CVAE_11156
CVAE_11157	CVAE_11157
CVAE_11164	CVAE_11164
CVAE_11165	CVAE_11165
CVAE_11165	CVAE_10926
CVAE_11172	CVAE_11172
CVAE_11172	CVAE_8084
CVAE_11176	CVAE_11176
CVAE_11180	CVAE_11180
CVAE_11181	CVAE_11181
CVAE_11182	CVAE_11182
CVAE_11184	CVAE_11184
CVAE_11186	CVAE_11186
CVAE_11187	CVAE_11187
CVAE_11190	CVAE_11190
CVAE_11191	CVAE_11191
CVAE_11192	CVAE_11192
CVAE_11193	CVAE_11193
CVAE_11194	CVAE_11194
CVAE_11195	CVAE_11195
CVAE_11196	CVAE_11196
CVAE_11197	CVAE_11197
CVAE_11201	CVAE_11201
CVAE_11202	CVAE_11202
CVAE_11204	CVAE_11204
CVAE_11206	CVAE_11206
CVAE_11208	CVAE_11208
CVAE_11211	CVAE_11211
CVAE_11212	CVAE_11212
CVAE_11213	CVAE_11213
CVAE_11217	CVAE_11217
CVAE_11217	CVAE_1811
CVAE_11221	CVAE_11221
CVAE_11226	CVAE_11226
CVAE_11229	CVAE_11229
CVAE_11232	CVAE_11232
CVAE_11233	CVAE_11233
CVAE_11235	CVAE_11235
CVAE_11236	CVAE_11236
CVAE_11237	CVAE_11237
CVAE_11238	CVAE_11238
CVAE_11240	CVAE_11240
CVAE_11241	CVAE_11241
CVAE_11242	CVAE_11242
CVAE_11243	CVAE_11243
CVAE_11250	CVAE_11250
CVAE_11251	CVAE_11251
CVAE_11254	CVAE_11254
CVAE_11255	CVAE_11255
CVAE_2254	CVAE_2254
CVAE_2255	CVAE_2255
CVAE_2256	CVAE_2256
CVAE_2260	CVAE_2260
CVAE_2261	CVAE_2261
CVAE_2262	CVAE_2262
CVAE_2264	CVAE_2264
CVAE_2265	CVAE_2265
CVAE_2266	CVAE_2266
CVAE_2267	CVAE_2267
CVAE_2269	CVAE_2269
CVAE_2270	CVAE_2270
CVAE_2271	CVAE_2271
CVAE_2273	CVAE_2273
CVAE_2275	CVAE_2275
CVAE_2276	CVAE_2276
CVAE_2278	CVAE_2278
CVAE_2279	CVAE_2279
CVAE_2280	CVAE_2280
CVAE_2281	CVAE_2281
CVAE_2318	CVAE_2318
CVAE_2320	CVAE_2320
CVAE_2324	CVAE_2324
CVAE_2332	CVAE_2332
CVAE_2334	CVAE_2334
CVAE_2350	CVAE_2350
CVAE_2352	CVAE_2352
CVAE_2358	CVAE_2358
CVAE_2361	CVAE_2361
CVAE_2364	CVAE_2364
CVAE_2365	CVAE_2365
CVAE_2366	CVAE_2366
CVAE_2368	CVAE_2368
CVAE_2371	CVAE_2371
CVAE_2371	CVAE_1022
CVAE_2378	CVAE_2378
CVAE_2380	CVAE_2380
CVAE_2383	CVAE_2383
CVAE_2385	CVAE_2385
CVAE_2386	CVAE_2386
CVAE_2391	CVAE_2391
CVAE_2392	CVAE_2392
CVAE_2394	CVAE_2394
CVAE_2396	CVAE_2396
CVAE_2397	CVAE_2397
CVAE_2398	CVAE_2398
CVAE_2403	CVAE_2403
CVAE_2404	CVAE_2404
CVAE_2406	CVAE_2406
CVAE_2410	CVAE_2410
CVAE_2412	CVAE_2412
CVAE_2413	CVAE_2413
CVAE_2414	CVAE_2414
CVAE_2415	CVAE_2415
CVAE_2416	CVAE_2416
CVAE_2417	CVAE_2417
CVAE_2420	CVAE_2420
CVAE_2421	CVAE_2421
CVAE_2422	CVAE_2422
CVAE_2424	CVAE_2424
CVAE_2425	CVAE_2425
CVAE_2425	CVAE_3453
CVAE_2425	CVAE_8737
CVAE_2426	CVAE_2426
CVAE_2427	CVAE_2427
CVAE_2429	CVAE_2429
CVAE_2430	CVAE_2430
CVAE_2431	CVAE_2431
CVAE_2435	CVAE_2435
CVAE_2437	CVAE_2437
CVAE_2438	CVAE_2438
CVAE_2439	CVAE_2439
CVAE_2440	CVAE_2440
CVAE_2441	CVAE_2441
CVAE_2442	CVAE_2442
CVAE_2443	CVAE_2443
CVAE_2444	CVAE_2444
CVAE_2445	CVAE_2445
CVAE_2446	CVAE_2446
CVAE_2447	CVAE_2447
CVAE_2448	CVAE_2448
CVAE_2449	CVAE_2449
CVAE_2451	CVAE_2451
CVAE_2453	CVAE_2453
CVAE_2454	CVAE_2454
CVAE_2455	CVAE_2455
CVAE_2456	CVAE_2456
CVAE_2460	CVAE_2460
CVAE_2461	CVAE_2461
CVAE_2463	CVAE_2463
CVAE_2465	CVAE_2465
CVAE_2470	CVAE_2470
CVAE_2471	CVAE_2471
CVAE_2472	CVAE_2472
CVAE_2474	CVAE_2474
CVAE_2481	CVAE_2481
CVAE_2482	CVAE_2482
CVAE_2483	CVAE_2483
CVAE_2487	CVAE_2487
CVAE_2490	CVAE_2490
CVAE_2491	CVAE_2491
CVAE_2492	CVAE_2492
CVAE_2493	CVAE_2493
CVAE_7217	CVAE_7217
CVAE_7222	CVAE_7222
CVAE_7225	CVAE_7225
CVAE_7229	CVAE_7229
CVAE_7234	CVAE_7234
CVAE_7241	CVAE_7241
CVAE_7242	CVAE_7242
CVAE_7243	CVAE_7243
CVAE_7244	CVAE_7244
CVAE_7247	CVAE_7247
CVAE_7249	CVAE_7249
CVAE_7252	CVAE_7252
CVAE_7254	CVAE_7254
CVAE_7255	CVAE_7255
CVAE_7262	CVAE_7262
CVAE_7263	CVAE_7263
CVAE_7267	CVAE_7267
CVAE_7272	CVAE_7272
CVAE_7278	CVAE_7278
CVAE_7292	CVAE_7292
CVAE_7296	CVAE_7296
CVAE_7300	CVAE_7300
CVAE_7309	CVAE_7309
CVAE_7315	CVAE_7315
CVAE_7316	CVAE_7316
CVAE_7323	CVAE_7323
CVAE_7329	CVAE_7329
CVAE_7331	CVAE_7331
CVAE_7332	CVAE_7332
CVAE_7340	CVAE_7340
CVAE_7341	CVAE_7341
CVAE_7350	CVAE_7350
CVAE_7355	CVAE_7355
CVAE_7366	CVAE_7366
CVAE_7368	CVAE_7368
CVAE_7369	CVAE_7369
CVAE_7374	CVAE_7374
CVAE_7375	CVAE_7375
CVAE_7384	CVAE_7384
CVAE_7388	CVAE_7388
CVAE_7392	CVAE_7392
CVAE_7394	CVAE_7394
CVAE_7395	CVAE_7395
CVAE_7396	CVAE_7396
CVAE_7397	CVAE_7397
CVAE_7400	CVAE_7400
CVAE_7404	CVAE_7404
CVAE_7406	CVAE_7406
CVAE_7422	CVAE_7422
CVAE_7423	CVAE_7423
CVAE_7424	CVAE_7424
CVAE_7426	CVAE_7426
CVAE_7430	CVAE_7430
CVAE_7433	CVAE_7433
CVAE_7443	CVAE_7443
CVAE_7444	CVAE_7444
CVAE_7446	CVAE_7446
CVAE_7447	CVAE_7447
CVAE_7450	CVAE_7450
CVAE_7452	CVAE_7452
CVAE_7453	CVAE_7453
CVAE_7455	CVAE_7455
CVAE_7457	CVAE_7457
CVAE_7457	CVAE_7220
CVAE_7465	CVAE_7465
CVAE_7466	CVAE_7466
CVAE_7468	CVAE_7468
CVAE_7469	CVAE_7469
CVAE_7469	CVAE_4321
CVAE_7474	CVAE_7474
CVAE_7475	CVAE_7475
CVAE_7478	CVAE_7478
CVAE_7481	CVAE_7481
CVAE_7482	CVAE_7482
CVAE_7485	CVAE_7485
CVAE_7488	CVAE_7488
CVAE_7490	CVAE_7490
CVAE_7491	CVAE_7491
CVAE_7494	CVAE_7494
CVAE_7494	CVAE_4827
CVAE_7497	CVAE_7497
CVAE_7503	CVAE_7503
CVAE_7506	CVAE_7506
CVAE_7511	CVAE_7511
CVAE_7513	CVAE_7513
CVAE_7519	CVAE_7519
CVAE_7521	CVAE_7521
CVAE_7522	CVAE_7522
CVAE_7524	CVAE_7524
CVAE_7539	CVAE_7539
CVAE_7543	CVAE_7543
CVAE_7544	CVAE_7544
CVAE_7546	CVAE_7546
CVAE_7546	CVAE_5407
CVAE_7550	CVAE_7550
CVAE_7562	CVAE_7562
CVAE_7563	CVAE_7563
CVAE_7570	CVAE_7570
CVAE_7572	CVAE_7572
CVAE_7579	CVAE_7579
CVAE_7580	CVAE_7580
CVAE_7581	CVAE_7581
CVAE_7582	CVAE_7582
CVAE_7583	CVAE_7583
CVAE_7584	CVAE_7584
CVAE_7585	CVAE_7585
CVAE_7588	CVAE_7588
CVAE_7592	CVAE_7592
CVAE_7663	CVAE_7663
CVAE_7678	CVAE_7678
CVAE_7682	CVAE_7682
CVAE_7683	CVAE_7683
CVAE_7684	CVAE_7684
CVAE_7685	CVAE_7685
CVAE_7686	CVAE_7686
CVAE_7687	CVAE_7687
CVAE_7689	CVAE_7689
CVAE_7690	CVAE_7690
CVAE_7691	CVAE_7691
CVAE_7692	CVAE_7692
CVAE_7693	CVAE_7693
CVAE_7695	CVAE_7695
CVAE_7696	CVAE_7696
CVAE_7698	CVAE_7698
CVAE_7701	CVAE_7701
CVAE_7703	CVAE_7703
CVAE_7710	CVAE_7710
CVAE_7711	CVAE_7711
CVAE_7713	CVAE_7713
CVAE_7714	CVAE_7714
CVAE_7715	CVAE_7715
CVAE_7716	CVAE_7716
CVAE_7718	CVAE_7718
CVAE_7719	CVAE_7719
CVAE_7721	CVAE_7721
CVAE_7724	CVAE_7724
CVAE_7728	CVAE_7728
CVAE_7730	CVAE_7730
CVAE_7731	CVAE_7731
CVAE_7736	CVAE_7736
CVAE_7739	CVAE_7739
CVAE_7742	CVAE_7742
CVAE_7743	CVAE_7743
CVAE_7744	CVAE_7744
CVAE_7748	CVAE_7748
CVAE_7749	CVAE_7749
CVAE_7750	CVAE_7750
CVAE_7752	CVAE_7752
CVAE_7753	CVAE_7753
CVAE_7754	CVAE_7754
CVAE_7755	CVAE_7755
CVAE_7756	CVAE_7756
CVAE_7757	CVAE_7757
CVAE_7758	CVAE_7758
CVAE_7759	CVAE_7759
CVAE_7760	CVAE_7760
CVAE_7761	CVAE_7761
CVAE_7762	CVAE_7762
CVAE_7774	CVAE_7774
CVAE_7780	CVAE_7780
CVAE_7781	CVAE_7781
CVAE_7783	CVAE_7783
CVAE_7784	CVAE_7784
CVAE_7788	CVAE_7788
CVAE_7789	CVAE_7789
CVAE_7790	CVAE_7790
CVAE_7793	CVAE_7793
CVAE_7795	CVAE_7795
CVAE_7796	CVAE_7796
CVAE_7803	CVAE_7803
CVAE_7811	CVAE_7811
CVAE_7812	CVAE_7812
CVAE_7821	CVAE_7821
CVAE_7825	CVAE_7825
CVAE_7827	CVAE_7827
CVAE_7830	CVAE_7830
CVAE_7831	CVAE_7831
CVAE_7832	CVAE_7832
CVAE_7833	CVAE_7833
CVAE_7834	CVAE_7834
CVAE_7839	CVAE_7839
CVAE_7842	CVAE_7842
CVAE_7847	CVAE_7847
CVAE_7849	CVAE_7849
CVAE_7850	CVAE_7850
CVAE_7851	CVAE_7851
CVAE_7853	CVAE_7853
CVAE_7857	CVAE_7857
CVAE_7858	CVAE_7858
CVAE_7860	CVAE_7860
CVAE_7864	CVAE_7864
CVAE_7865	CVAE_7865
CVAE_7867	CVAE_7867
CVAE_7868	CVAE_7868
CVAE_7869	CVAE_7869
CVAE_7870	CVAE_7870
CVAE_7872	CVAE_7872
CVAE_7876	CVAE_7876
CVAE_7880	CVAE_7880
CVAE_7881	CVAE_7881
CVAE_7890	CVAE_7890
CVAE_7892	CVAE_7892
CVAE_7893	CVAE_7893
CVAE_7896	CVAE_7896
CVAE_7898	CVAE_7898
CVAE_7903	CVAE_7903
CVAE_7907	CVAE_7907
CVAE_7952	CVAE_7952
CVAE_7957	CVAE_7957
CVAE_7962	CVAE_7962
CVAE_7963	CVAE_7963
CVAE_7964	CVAE_7964
CVAE_7965	CVAE_7965
CVAE_7966	CVAE_7966
CVAE_7968	CVAE_7968
CVAE_7969	CVAE_7969
CVAE_7971	CVAE_7971
CVAE_7972	CVAE_7972
CVAE_7978	CVAE_7978
CVAE_7980	CVAE_7980
CVAE_7981	CVAE_7981
CVAE_7985	CVAE_7985
CVAE_7985	CVAE_722
CVAE_7989	CVAE_7989
CVAE_7990	CVAE_7990
CVAE_7993	CVAE_7993
CVAE_7995	CVAE_7995
CVAE_7997	CVAE_7997
CVAE_7998	CVAE_7998
CVAE_8000	CVAE_8000
CVAE_8001	CVAE_8001
CVAE_8003	CVAE_8003
CVAE_8006	CVAE_8006
CVAE_8008	CVAE_8008
CVAE_8009	CVAE_8009
CVAE_8011	CVAE_8011
CVAE_8012	CVAE_8012
CVAE_8013	CVAE_8013
CVAE_8017	CVAE_8017
CVAE_8018	CVAE_8018
CVAE_8019	CVAE_8019
CVAE_8022	CVAE_8022
CVAE_8023	CVAE_8023
CVAE_8030	CVAE_8030
CVAE_8042	CVAE_8042
CVAE_8051	CVAE_8051
CVAE_8053	CVAE_8053
CVAE_8055	CVAE_8055
CVAE_8061	CVAE_8061
CVAE_8062	CVAE_8062
CVAE_8065	CVAE_8065
CVAE_8069	CVAE_8069
CVAE_8070	CVAE_8070
CVAE_8071	CVAE_8071
CVAE_8072	CVAE_8072
CVAE_8074	CVAE_8074
CVAE_8083	CVAE_8083
CVAE_8088	CVAE_8088
CVAE_8089	CVAE_8089
CVAE_8090	CVAE_8090
CVAE_8091	CVAE_8091
CVAE_8092	CVAE_8092
CVAE_8098	CVAE_8098
CVAE_8100	CVAE_8100
CVAE_8101	CVAE_8101
CVAE_8105	CVAE_8105
CVAE_8109	CVAE_8109
CVAE_8130	CVAE_8130
CVAE_8132	CVAE_8132
CVAE_8136	CVAE_8136
CVAE_8137	CVAE_8137
CVAE_8140	CVAE_8140
CVAE_8144	CVAE_8144
CVAE_8146	CVAE_8146
CVAE_8151	CVAE_8151
CVAE_8152	CVAE_8152
CVAE_8154	CVAE_8154
CVAE_8160	CVAE_8160
CVAE_8163	CVAE_8163
CVAE_8170	CVAE_8170
CVAE_8172	CVAE_8172
CVAE_8173	CVAE_8173
CVAE_8176	CVAE_8176
CVAE_8177	CVAE_8177
CVAE_8179	CVAE_8179
CVAE_8180	CVAE_8180
CVAE_8181	CVAE_8181
CVAE_8184	CVAE_8184
CVAE_8187	CVAE_8187
CVAE_8188	CVAE_8188
CVAE_8189	CVAE_8189
CVAE_8191	CVAE_8191
CVAE_8192	CVAE_8192
CVAE_8193	CVAE_8193
CVAE_8197	CVAE_8197
CVAE_8201	CVAE_8201
CVAE_8204	CVAE_8204
CVAE_8206	CVAE_8206
CVAE_8208	CVAE_8208
CVAE_8210	CVAE_8210
CVAE_8213	CVAE_8213
CVAE_11462	CVAE_11462
CVAE_11463	CVAE_11463
CVAE_11465	CVAE_11465
CVAE_11466	CVAE_11466
CVAE_11467	CVAE_11467
CVAE_11468	CVAE_11468
CVAE_11471	CVAE_11471
CVAE_11472	CVAE_11472
CVAE_11474	CVAE_11474
CVAE_11476	CVAE_11476
CVAE_11477	CVAE_11477
CVAE_11478	CVAE_11478
CVAE_11479	CVAE_11479
CVAE_11481	CVAE_11481
CVAE_11484	CVAE_11484
CVAE_11488	CVAE_11488
CVAE_11493	CVAE_11493
CVAE_11494	CVAE_11494
CVAE_11497	CVAE_11497
CVAE_11498	CVAE_11498
CVAE_11500	CVAE_11500
CVAE_11505	CVAE_11505
CVAE_11508	CVAE_11508
CVAE_11510	CVAE_11510
CVAE_11514	CVAE_11514
CVAE_11518	CVAE_11518
CVAE_11520	CVAE_11520
CVAE_11521	CVAE_11521
CVAE_11525	CVAE_11525
CVAE_11527	CVAE_11527
CVAE_11527	CVAE_9323
CVAE_11528	CVAE_11528
CVAE_11536	CVAE_11536
CVAE_11537	CVAE_11537
CVAE_11539	CVAE_11539
CVAE_11540	CVAE_11540
CVAE_11547	CVAE_11547
CVAE_11549	CVAE_11549
CVAE_11553	CVAE_11553
CVAE_11557	CVAE_11557
CVAE_11562	CVAE_11562
CVAE_11564	CVAE_11564
CVAE_11566	CVAE_11566
CVAE_11569	CVAE_11569
CVAE_11571	CVAE_11571
CVAE_11572	CVAE_11572
CVAE_11580	CVAE_11580
CVAE_11581	CVAE_11581
CVAE_11584	CVAE_11584
CVAE_11588	CVAE_11588
CVAE_11591	CVAE_11591
CVAE_11595	CVAE_11595
CVAE_11597	CVAE_11597
CVAE_11603	CVAE_11603
CVAE_11609	CVAE_11609
CVAE_11610	CVAE_11610
CVAE_11614	CVAE_11614
CVAE_11616	CVAE_11616
CVAE_11617	CVAE_11617
CVAE_11618	CVAE_11618
CVAE_11619	CVAE_11619
CVAE_11621	CVAE_11621
CVAE_11623	CVAE_11623
CVAE_11625	CVAE_11625
CVAE_11628	CVAE_11628
CVAE_11629	CVAE_11629
CVAE_11641	CVAE_11641
CVAE_11644	CVAE_11644
CVAE_11646	CVAE_11646
CVAE_11647	CVAE_11647
CVAE_11651	CVAE_11651
CVAE_11652	CVAE_11652
CVAE_11656	CVAE_11656
CVAE_11658	CVAE_11658
CVAE_11663	CVAE_11663
CVAE_11666	CVAE_11666
CVAE_11670	CVAE_11670
CVAE_11672	CVAE_11672
CVAE_11673	CVAE_11673
CVAE_11676	CVAE_11676
CVAE_11677	CVAE_11677
CVAE_11701	CVAE_11701
CVAE_11704	CVAE_11704
CVAE_11708	CVAE_11708
CVAE_11712	CVAE_11712
CVAE_11713	CVAE_11713
CVAE_11716	CVAE_11716
CVAE_11717	CVAE_11717
CVAE_11723	CVAE_11723
CVAE_11725	CVAE_11725
CVAE_11726	CVAE_11726
CVAE_11727	CVAE_11727
CVAE_11728	CVAE_11728
CVAE_11729	CVAE_11729
CVAE_11730	CVAE_11730
CVAE_11731	CVAE_11731
CVAE_11732	CVAE_11732
CVAE_11733	CVAE_11733
CVAE_11736	CVAE_11736
CVAE_11737	CVAE_11737
CVAE_11738	CVAE_11738
CVAE_11740	CVAE_11740
CVAE_11743	CVAE_11743
CVAE_11745	CVAE_11745
CVAE_11748	CVAE_11748
CVAE_11751	CVAE_11751
CVAE_11752	CVAE_11752
CVAE_11758	CVAE_11758
CVAE_11758	CVAE_9705
CVAE_11759	CVAE_11759
CVAE_11777	CVAE_11777
CVAE_11781	CVAE_11781
CVAE_11784	CVAE_11784
CVAE_11787	CVAE_11787
CVAE_11788	CVAE_11788
CVAE_11794	CVAE_11794
CVAE_11797	CVAE_11797
CVAE_11802	CVAE_11802
CVAE_11806	CVAE_11806
CVAE_11808	CVAE_11808
CVAE_11809	CVAE_11809
CVAE_11810	CVAE_11810
CVAE_11811	CVAE_11811
CVAE_11812	CVAE_11812
CVAE_11813	CVAE_11813
CVAE_11815	CVAE_11815
CVAE_11819	CVAE_11819
CVAE_11821	CVAE_11821
CVAE_11821	CVAE_2756
CVAE_11822	CVAE_11822
CVAE_11823	CVAE_11823
CVAE_11824	CVAE_11824
CVAE_11826	CVAE_11826
CVAE_11828	CVAE_11828
CVAE_11829	CVAE_11829
CVAE_11831	CVAE_11831
CVAE_11832	CVAE_11832
CVAE_11837	CVAE_11837
CVAE_11873	CVAE_11873
CVAE_11881	CVAE_11881
CVAE_11892	CVAE_11892
CVAE_11896	CVAE_11896
CVAE_11897	CVAE_11897
CVAE_11898	CVAE_11898
CVAE_11899	CVAE_11899
CVAE_11902	CVAE_11902
CVAE_11906	CVAE_11906
CVAE_11917	CVAE_11917
CVAE_11919	CVAE_11919
CVAE_11920	CVAE_11920
CVAE_11949	CVAE_11949
CVAE_11950	CVAE_11950
CVAE_11955	CVAE_11955
CVAE_11956	CVAE_11956
CVAE_11957	CVAE_11957
CVAE_11959	CVAE_11959
CVAE_11960	CVAE_11960
CVAE_11961	CVAE_11961
CVAE_11965	CVAE_11965
CVAE_11967	CVAE_11967
CVAE_11974	CVAE_11974
CVAE_11976	CVAE_11976
CVAE_957	CVAE_957
CVAE_958	CVAE_958
CVAE_961	CVAE_961
CVAE_969	CVAE_969
CVAE_971	CVAE_971
CVAE_973	CVAE_973
CVAE_976	CVAE_976
CVAE_977	CVAE_977
CVAE_979	CVAE_979
CVAE_980	CVAE_980
CVAE_981	CVAE_981
CVAE_982	CVAE_982
CVAE_986	CVAE_986
CVAE_991	CVAE_991
CVAE_997	CVAE_997
CVAE_1021	CVAE_1021
CVAE_1027	CVAE_1027
CVAE_1028	CVAE_1028
CVAE_1035	CVAE_1035
CVAE_1038	CVAE_1038
CVAE_1041	CVAE_1041
CVAE_1048	CVAE_1048
CVAE_1054	CVAE_1054
CVAE_1056	CVAE_1056
CVAE_1062	CVAE_1062
CVAE_1064	CVAE_1064
CVAE_1071	CVAE_1071
CVAE_1079	CVAE_1079
CVAE_1080	CVAE_1080
CVAE_1082	CVAE_1082
CVAE_1090	CVAE_1090
CVAE_1097	CVAE_1097
CVAE_1099	CVAE_1099
CVAE_1103	CVAE_1103
CVAE_1104	CVAE_1104
CVAE_1105	CVAE_1105
CVAE_1108	CVAE_1108
CVAE_1112	CVAE_1112
CVAE_1113	CVAE_1113
CVAE_1115	CVAE_1115
CVAE_1120	CVAE_1120
CVAE_1121	CVAE_1121
CVAE_1122	CVAE_1122
CVAE_1123	CVAE_1123
CVAE_1126	CVAE_1126
CVAE_1127	CVAE_1127
CVAE_1128	CVAE_1128
CVAE_1146	CVAE_1146
CVAE_1167	CVAE_1167
CVAE_1169	CVAE_1169
CVAE_1176	CVAE_1176
CVAE_1179	CVAE_1179
CVAE_1183	CVAE_1183
CVAE_1184	CVAE_1184
CVAE_1187	CVAE_1187
CVAE_1193	CVAE_1193
CVAE_1195	CVAE_1195
CVAE_1199	CVAE_1199
CVAE_1201	CVAE_1201
CVAE_1202	CVAE_1202
CVAE_1204	CVAE_1204
CVAE_1215	CVAE_1215
CVAE_1216	CVAE_1216
CVAE_1264	CVAE_1264
CVAE_1273	CVAE_1273
CVAE_1275	CVAE_1275
CVAE_1276	CVAE_1276
CVAE_1277	CVAE_1277
CVAE_1281	CVAE_1281
CVAE_1283	CVAE_1283
CVAE_1284	CVAE_1284
CVAE_1286	CVAE_1286
CVAE_1287	CVAE_1287
CVAE_1289	CVAE_1289
CVAE_1290	CVAE_1290
CVAE_1293	CVAE_1293
CVAE_1294	CVAE_1294
CVAE_1295	CVAE_1295
CVAE_1297	CVAE_1297
CVAE_1299	CVAE_1299
CVAE_1300	CVAE_1300
CVAE_1301	CVAE_1301
CVAE_1304	CVAE_1304
CVAE_1306	CVAE_1306
CVAE_1307	CVAE_1307
CVAE_1308	CVAE_1308
CVAE_1310	CVAE_1310
CVAE_1334	CVAE_1334
CVAE_1336	CVAE_1336
CVAE_1341	CVAE_1341
CVAE_1343	CVAE_1343
CVAE_1349	CVAE_1349
CVAE_1352	CVAE_1352
CVAE_1356	CVAE_1356
CVAE_1362	CVAE_1362
CVAE_1368	CVAE_1368
CVAE_1373	CVAE_1373
CVAE_1376	CVAE_1376
CVAE_4522	CVAE_4522
CVAE_4523	CVAE_4523
CVAE_4526	CVAE_4526
CVAE_4540	CVAE_4540
CVAE_4545	CVAE_4545
CVAE_4546	CVAE_4546
CVAE_4547	CVAE_4547
CVAE_4555	CVAE_4555
CVAE_4556	CVAE_4556
CVAE_4558	CVAE_4558
CVAE_4560	CVAE_4560
CVAE_4567	CVAE_4567
CVAE_4572	CVAE_4572
CVAE_4575	CVAE_4575
CVAE_4576	CVAE_4576
CVAE_4577	CVAE_4577
CVAE_4580	CVAE_4580
CVAE_4584	CVAE_4584
CVAE_4588	CVAE_4588
CVAE_4589	CVAE_4589
CVAE_4591	CVAE_4591
CVAE_4592	CVAE_4592
CVAE_4593	CVAE_4593
CVAE_4594	CVAE_4594
CVAE_4597	CVAE_4597
CVAE_4599	CVAE_4599
CVAE_4600	CVAE_4600
CVAE_4603	CVAE_4603
CVAE_4612	CVAE_4612
CVAE_4616	CVAE_4616
CVAE_4619	CVAE_4619
CVAE_4623	CVAE_4623
CVAE_4625	CVAE_4625
CVAE_4626	CVAE_4626
CVAE_4629	CVAE_4629
CVAE_4636	CVAE_4636
CVAE_4640	CVAE_4640
CVAE_4644	CVAE_4644
CVAE_4645	CVAE_4645
CVAE_4647	CVAE_4647
CVAE_4648	CVAE_4648
CVAE_4649	CVAE_4649
CVAE_4650	CVAE_4650
CVAE_4653	CVAE_4653
CVAE_4655	CVAE_4655
CVAE_4656	CVAE_4656
CVAE_4660	CVAE_4660
CVAE_4661	CVAE_4661
CVAE_4664	CVAE_4664
CVAE_4665	CVAE_4665
CVAE_4668	CVAE_4668
CVAE_4669	CVAE_4669
CVAE_4670	CVAE_4670
CVAE_4674	CVAE_4674
CVAE_4675	CVAE_4675
CVAE_4682	CVAE_4682
CVAE_4684	CVAE_4684
CVAE_4685	CVAE_4685
CVAE_4687	CVAE_4687
CVAE_4688	CVAE_4688
CVAE_4689	CVAE_4689
CVAE_4694	CVAE_4694
CVAE_4696	CVAE_4696
CVAE_4704	CVAE_4704
CVAE_4711	CVAE_4711
CVAE_4712	CVAE_4712
CVAE_4713	CVAE_4713
CVAE_4721	CVAE_4721
CVAE_4722	CVAE_4722
CVAE_4723	CVAE_4723
CVAE_4728	CVAE_4728
CVAE_4731	CVAE_4731
CVAE_4732	CVAE_4732
CVAE_4735	CVAE_4735
CVAE_4735	CVAE_4132
CVAE_4736	CVAE_4736
CVAE_4738	CVAE_4738
CVAE_4739	CVAE_4739
CVAE_4744	CVAE_4744
CVAE_4745	CVAE_4745
CVAE_4748	CVAE_4748
CVAE_4751	CVAE_4751
CVAE_4752	CVAE_4752
CVAE_4755	CVAE_4755
CVAE_4758	CVAE_4758
CVAE_4760	CVAE_4760
CVAE_4761	CVAE_4761
CVAE_4762	CVAE_4762
CVAE_4764	CVAE_4764
CVAE_4767	CVAE_4767
CVAE_4774	CVAE_4774
CVAE_4778	CVAE_4778
CVAE_4779	CVAE_4779
CVAE_4787	CVAE_4787
CVAE_4793	CVAE_4793
CVAE_4798	CVAE_4798
CVAE_4799	CVAE_4799
CVAE_4801	CVAE_4801
CVAE_4802	CVAE_4802
CVAE_4804	CVAE_4804
CVAE_4806	CVAE_4806
CVAE_4807	CVAE_4807
CVAE_4808	CVAE_4808
CVAE_4809	CVAE_4809
CVAE_4812	CVAE_4812
CVAE_4814	CVAE_4814
CVAE_4819	CVAE_4819
CVAE_4821	CVAE_4821
CVAE_4823	CVAE_4823
CVAE_4824	CVAE_4824
CVAE_4830	CVAE_4830
CVAE_4832	CVAE_4832
CVAE_4833	CVAE_4833
CVAE_4834	CVAE_4834
CVAE_4838	CVAE_4838
CVAE_4840	CVAE_4840
CVAE_4843	CVAE_4843
CVAE_4847	CVAE_4847
CVAE_4854	CVAE_4854
CVAE_4855	CVAE_4855
CVAE_4858	CVAE_4858
CVAE_4859	CVAE_4859
CVAE_4860	CVAE_4860
CVAE_4861	CVAE_4861
CVAE_4863	CVAE_4863
CVAE_4864	CVAE_4864
CVAE_4866	CVAE_4866
CVAE_4867	CVAE_4867
CVAE_4870	CVAE_4870
CVAE_4871	CVAE_4871
CVAE_4871	CVAE_538
CVAE_4872	CVAE_4872
CVAE_4873	CVAE_4873
CVAE_4874	CVAE_4874
CVAE_4882	CVAE_4882
CVAE_4889	CVAE_4889
CVAE_4891	CVAE_4891
CVAE_4892	CVAE_4892
CVAE_4896	CVAE_4896
CVAE_4898	CVAE_4898
CVAE_4899	CVAE_4899
CVAE_4900	CVAE_4900
CVAE_4901	CVAE_4901
CVAE_4903	CVAE_4903
CVAE_4905	CVAE_4905
CVAE_4908	CVAE_4908
CVAE_4911	CVAE_4911
CVAE_4913	CVAE_4913
CVAE_4913	CVAE_4710
CVAE_4914	CVAE_4914
CVAE_4915	CVAE_4915
CVAE_4916	CVAE_4916
CVAE_4918	CVAE_4918
CVAE_4919	CVAE_4919
CVAE_4922	CVAE_4922
CVAE_4926	CVAE_4926
CVAE_4927	CVAE_4927
CVAE_4928	CVAE_4928
CVAE_4929	CVAE_4929
CVAE_4931	CVAE_4931
CVAE_4933	CVAE_4933
CVAE_4937	CVAE_4937
CVAE_4938	CVAE_4938
CVAE_4941	CVAE_4941
CVAE_4945	CVAE_4945
CVAE_4948	CVAE_4948
CVAE_4949	CVAE_4949
CVAE_4961	CVAE_4961
CVAE_4968	CVAE_4968
CVAE_4969	CVAE_4969
CVAE_4970	CVAE_4970
CVAE_4971	CVAE_4971
CVAE_4990	CVAE_4990
CVAE_4991	CVAE_4991
CVAE_4995	CVAE_4995
CVAE_5000	CVAE_5000
CVAE_5001	CVAE_5001
CVAE_5003	CVAE_5003
CVAE_5006	CVAE_5006
CVAE_5007	CVAE_5007
CVAE_5008	CVAE_5008
CVAE_5011	CVAE_5011
CVAE_5012	CVAE_5012
CVAE_5013	CVAE_5013
CVAE_5017	CVAE_5017
CVAE_5018	CVAE_5018
CVAE_5022	CVAE_5022
CVAE_5027	CVAE_5027
CVAE_5033	CVAE_5033
CVAE_5038	CVAE_5038
CVAE_5044	CVAE_5044
CVAE_5045	CVAE_5045
CVAE_5049	CVAE_5049
CVAE_5050	CVAE_5050
CVAE_5053	CVAE_5053
CVAE_5055	CVAE_5055
CVAE_5057	CVAE_5057
CVAE_5058	CVAE_5058
CVAE_5943	CVAE_5943
CVAE_5946	CVAE_5946
CVAE_5948	CVAE_5948
CVAE_5951	CVAE_5951
CVAE_5952	CVAE_5952
CVAE_5955	CVAE_5955
CVAE_5981	CVAE_5981
CVAE_5982	CVAE_5982
CVAE_5986	CVAE_5986
CVAE_5987	CVAE_5987
CVAE_5991	CVAE_5991
CVAE_6006	CVAE_6006
CVAE_6007	CVAE_6007
CVAE_6009	CVAE_6009
CVAE_6015	CVAE_6015
CVAE_6016	CVAE_6016
CVAE_6018	CVAE_6018
CVAE_6021	CVAE_6021
CVAE_6022	CVAE_6022
CVAE_6026	CVAE_6026
CVAE_6031	CVAE_6031
CVAE_6032	CVAE_6032
CVAE_6033	CVAE_6033
CVAE_6035	CVAE_6035
CVAE_6037	CVAE_6037
CVAE_6044	CVAE_6044
CVAE_6045	CVAE_6045
CVAE_6048	CVAE_6048
CVAE_6058	CVAE_6058
CVAE_6059	CVAE_6059
CVAE_6060	CVAE_6060
CVAE_6061	CVAE_6061
CVAE_6065	CVAE_6065
CVAE_6072	CVAE_6072
CVAE_6073	CVAE_6073
CVAE_6075	CVAE_6075
CVAE_6076	CVAE_6076
CVAE_6080	CVAE_6080
CVAE_6084	CVAE_6084
CVAE_6095	CVAE_6095
CVAE_6096	CVAE_6096
CVAE_6100	CVAE_6100
CVAE_6102	CVAE_6102
CVAE_6102	CVAE_4045
CVAE_6103	CVAE_6103
CVAE_6107	CVAE_6107
CVAE_6108	CVAE_6108
CVAE_6109	CVAE_6109
CVAE_6115	CVAE_6115
CVAE_6118	CVAE_6118
CVAE_6120	CVAE_6120
CVAE_6126	CVAE_6126
CVAE_6129	CVAE_6129
CVAE_6131	CVAE_6131
CVAE_6136	CVAE_6136
CVAE_6137	CVAE_6137
CVAE_6139	CVAE_6139
CVAE_6140	CVAE_6140
CVAE_6145	CVAE_6145
CVAE_6148	CVAE_6148
CVAE_6149	CVAE_6149
CVAE_6152	CVAE_6152
CVAE_6154	CVAE_6154
CVAE_6171	CVAE_6171
CVAE_6176	CVAE_6176
CVAE_6186	CVAE_6186
CVAE_6187	CVAE_6187
CVAE_6189	CVAE_6189
CVAE_6191	CVAE_6191
CVAE_6198	CVAE_6198
CVAE_6201	CVAE_6201
CVAE_6205	CVAE_6205
CVAE_6206	CVAE_6206
CVAE_6210	CVAE_6210
CVAE_6213	CVAE_6213
CVAE_6214	CVAE_6214
CVAE_6216	CVAE_6216
CVAE_6219	CVAE_6219
CVAE_6221	CVAE_6221
CVAE_6222	CVAE_6222
CVAE_6223	CVAE_6223
CVAE_6224	CVAE_6224
CVAE_6225	CVAE_6225
CVAE_6226	CVAE_6226
CVAE_6228	CVAE_6228
CVAE_6232	CVAE_6232
CVAE_6233	CVAE_6233
CVAE_6234	CVAE_6234
CVAE_6235	CVAE_6235
CVAE_6237	CVAE_6237
CVAE_6238	CVAE_6238
CVAE_6271	CVAE_6271
CVAE_6272	CVAE_6272
CVAE_6275	CVAE_6275
CVAE_6279	CVAE_6279
CVAE_6280	CVAE_6280
CVAE_6284	CVAE_6284
CVAE_6285	CVAE_6285
CVAE_6288	CVAE_6288
CVAE_11256	CVAE_11256
CVAE_11260	CVAE_11260
CVAE_11263	CVAE_11263
CVAE_11264	CVAE_11264
CVAE_11265	CVAE_11265
CVAE_11269	CVAE_11269
CVAE_11270	CVAE_11270
CVAE_11273	CVAE_11273
CVAE_11275	CVAE_11275
CVAE_11276	CVAE_11276
CVAE_11277	CVAE_11277
CVAE_11278	CVAE_11278
CVAE_11281	CVAE_11281
CVAE_11284	CVAE_11284
CVAE_11285	CVAE_11285
CVAE_11286	CVAE_11286
CVAE_11288	CVAE_11288
CVAE_11290	CVAE_11290
CVAE_11292	CVAE_11292
CVAE_11295	CVAE_11295
CVAE_11296	CVAE_11296
CVAE_11297	CVAE_11297
CVAE_11299	CVAE_11299
CVAE_11300	CVAE_11300
CVAE_11301	CVAE_11301
CVAE_11304	CVAE_11304
CVAE_11310	CVAE_11310
CVAE_11311	CVAE_11311
CVAE_11314	CVAE_11314
CVAE_11322	CVAE_11322
CVAE_11325	CVAE_11325
CVAE_11326	CVAE_11326
CVAE_11327	CVAE_11327
CVAE_11329	CVAE_11329
CVAE_11330	CVAE_11330
CVAE_11332	CVAE_11332
CVAE_11333	CVAE_11333
CVAE_11334	CVAE_11334
CVAE_11335	CVAE_11335
CVAE_11336	CVAE_11336
CVAE_11337	CVAE_11337
CVAE_11339	CVAE_11339
CVAE_11340	CVAE_11340
CVAE_11342	CVAE_11342
CVAE_11343	CVAE_11343
CVAE_11346	CVAE_11346
CVAE_11348	CVAE_11348
CVAE_11349	CVAE_11349
CVAE_11350	CVAE_11350
CVAE_11352	CVAE_11352
CVAE_11354	CVAE_11354
CVAE_11361	CVAE_11361
CVAE_11362	CVAE_11362
CVAE_11363	CVAE_11363
CVAE_11364	CVAE_11364
CVAE_11365	CVAE_11365
CVAE_11366	CVAE_11366
CVAE_11368	CVAE_11368
CVAE_11371	CVAE_11371
CVAE_11372	CVAE_11372
CVAE_11377	CVAE_11377
CVAE_11380	CVAE_11380
CVAE_11383	CVAE_11383
CVAE_11384	CVAE_11384
CVAE_11385	CVAE_11385
CVAE_11388	CVAE_11388
CVAE_11392	CVAE_11392
CVAE_11394	CVAE_11394
CVAE_11397	CVAE_11397
CVAE_11404	CVAE_11404
CVAE_11407	CVAE_11407
CVAE_11409	CVAE_11409
CVAE_11410	CVAE_11410
CVAE_11411	CVAE_11411
CVAE_11413	CVAE_11413
CVAE_11414	CVAE_11414
CVAE_11415	CVAE_11415
CVAE_11417	CVAE_11417
CVAE_11418	CVAE_11418
CVAE_11420	CVAE_11420
CVAE_11422	CVAE_11422
CVAE_11425	CVAE_11425
CVAE_11430	CVAE_11430
CVAE_11431	CVAE_11431
CVAE_11432	CVAE_11432
CVAE_11434	CVAE_11434
CVAE_11436	CVAE_11436
CVAE_11440	CVAE_11440
CVAE_11444	CVAE_11444
CVAE_11445	CVAE_11445
CVAE_11447	CVAE_11447
CVAE_11448	CVAE_11448
CVAE_11449	CVAE_11449
CVAE_11450	CVAE_11450
CVAE_11451	CVAE_11451
CVAE_11455	CVAE_11455
CVAE_11457	CVAE_11457
CVAE_11459	CVAE_11459
CVAE_11460	CVAE_11460
CVAE_11461	CVAE_11461
CVAE_1938	CVAE_1938
CVAE_1959	CVAE_1959
CVAE_1966	CVAE_1966
CVAE_1968	CVAE_1968
CVAE_1975	CVAE_1975
CVAE_1980	CVAE_1980
CVAE_1990	CVAE_1990
CVAE_1993	CVAE_1993
CVAE_2000	CVAE_2000
CVAE_2002	CVAE_2002
CVAE_2004	CVAE_2004
CVAE_2005	CVAE_2005
CVAE_2005	CVAE_611
CVAE_2007	CVAE_2007
CVAE_2008	CVAE_2008
CVAE_2011	CVAE_2011
CVAE_2012	CVAE_2012
CVAE_2025	CVAE_2025
CVAE_2029	CVAE_2029
CVAE_2032	CVAE_2032
CVAE_2033	CVAE_2033
CVAE_2034	CVAE_2034
CVAE_2035	CVAE_2035
CVAE_2039	CVAE_2039
CVAE_2048	CVAE_2048
CVAE_2050	CVAE_2050
CVAE_2052	CVAE_2052
CVAE_2053	CVAE_2053
CVAE_2054	CVAE_2054
CVAE_2055	CVAE_2055
CVAE_2057	CVAE_2057
CVAE_2058	CVAE_2058
CVAE_2064	CVAE_2064
CVAE_2065	CVAE_2065
CVAE_2067	CVAE_2067
CVAE_2068	CVAE_2068
CVAE_2070	CVAE_2070
CVAE_2071	CVAE_2071
CVAE_2080	CVAE_2080
CVAE_2081	CVAE_2081
CVAE_2082	CVAE_2082
CVAE_2084	CVAE_2084
CVAE_2086	CVAE_2086
CVAE_2088	CVAE_2088
CVAE_2091	CVAE_2091
CVAE_2097	CVAE_2097
CVAE_2098	CVAE_2098
CVAE_2112	CVAE_2112
CVAE_2113	CVAE_2113
CVAE_2116	CVAE_2116
CVAE_2118	CVAE_2118
CVAE_2119	CVAE_2119
CVAE_2122	CVAE_2122
CVAE_2126	CVAE_2126
CVAE_2129	CVAE_2129
CVAE_2131	CVAE_2131
CVAE_2132	CVAE_2132
CVAE_2135	CVAE_2135
CVAE_2139	CVAE_2139
CVAE_2139	CVAE_315
CVAE_2141	CVAE_2141
CVAE_2146	CVAE_2146
CVAE_2154	CVAE_2154
CVAE_2156	CVAE_2156
CVAE_2164	CVAE_2164
CVAE_2165	CVAE_2165
CVAE_2167	CVAE_2167
CVAE_2168	CVAE_2168
CVAE_2174	CVAE_2174
CVAE_2182	CVAE_2182
CVAE_2185	CVAE_2185
CVAE_2187	CVAE_2187
CVAE_2195	CVAE_2195
CVAE_2197	CVAE_2197
CVAE_2202	CVAE_2202
CVAE_2213	CVAE_2213
CVAE_2214	CVAE_2214
CVAE_2216	CVAE_2216
CVAE_2218	CVAE_2218
CVAE_2219	CVAE_2219
CVAE_2221	CVAE_2221
CVAE_2224	CVAE_2224
CVAE_2227	CVAE_2227
CVAE_2228	CVAE_2228
CVAE_2230	CVAE_2230
CVAE_2231	CVAE_2231
CVAE_2232	CVAE_2232
CVAE_2233	CVAE_2233
CVAE_2234	CVAE_2234
CVAE_2237	CVAE_2237
CVAE_2238	CVAE_2238
CVAE_2244	CVAE_2244
CVAE_2246	CVAE_2246
CVAE_2251	CVAE_2251
CVAE_5678	CVAE_5678
CVAE_5692	CVAE_5692
CVAE_5693	CVAE_5693
CVAE_5694	CVAE_5694
CVAE_5695	CVAE_5695
CVAE_5697	CVAE_5697
CVAE_5699	CVAE_5699
CVAE_5702	CVAE_5702
CVAE_5704	CVAE_5704
CVAE_5705	CVAE_5705
CVAE_5706	CVAE_5706
CVAE_5709	CVAE_5709
CVAE_5711	CVAE_5711
CVAE_5716	CVAE_5716
CVAE_5717	CVAE_5717
CVAE_5722	CVAE_5722
CVAE_5723	CVAE_5723
CVAE_5724	CVAE_5724
CVAE_5725	CVAE_5725
CVAE_5729	CVAE_5729
CVAE_5730	CVAE_5730
CVAE_5731	CVAE_5731
CVAE_5733	CVAE_5733
CVAE_5736	CVAE_5736
CVAE_5740	CVAE_5740
CVAE_5743	CVAE_5743
CVAE_5746	CVAE_5746
CVAE_5747	CVAE_5747
CVAE_5748	CVAE_5748
CVAE_5749	CVAE_5749
CVAE_5751	CVAE_5751
CVAE_5754	CVAE_5754
CVAE_5759	CVAE_5759
CVAE_5760	CVAE_5760
CVAE_5761	CVAE_5761
CVAE_5764	CVAE_5764
CVAE_5765	CVAE_5765
CVAE_5768	CVAE_5768
CVAE_5770	CVAE_5770
CVAE_5772	CVAE_5772
CVAE_5774	CVAE_5774
CVAE_5777	CVAE_5777
CVAE_5779	CVAE_5779
CVAE_5780	CVAE_5780
CVAE_5784	CVAE_5784
CVAE_5791	CVAE_5791
CVAE_5793	CVAE_5793
CVAE_5794	CVAE_5794
CVAE_5798	CVAE_5798
CVAE_5799	CVAE_5799
CVAE_5800	CVAE_5800
CVAE_5805	CVAE_5805
CVAE_5806	CVAE_5806
CVAE_5809	CVAE_5809
CVAE_5813	CVAE_5813
CVAE_5819	CVAE_5819
CVAE_5826	CVAE_5826
CVAE_5827	CVAE_5827
CVAE_5829	CVAE_5829
CVAE_5830	CVAE_5830
CVAE_5831	CVAE_5831
CVAE_5838	CVAE_5838
CVAE_5839	CVAE_5839
CVAE_5840	CVAE_5840
CVAE_5846	CVAE_5846
CVAE_5848	CVAE_5848
CVAE_5849	CVAE_5849
CVAE_5850	CVAE_5850
CVAE_5858	CVAE_5858
CVAE_5862	CVAE_5862
CVAE_5865	CVAE_5865
CVAE_5866	CVAE_5866
CVAE_5873	CVAE_5873
CVAE_5876	CVAE_5876
CVAE_5883	CVAE_5883
CVAE_5885	CVAE_5885
CVAE_5890	CVAE_5890
CVAE_5893	CVAE_5893
CVAE_5896	CVAE_5896
CVAE_5898	CVAE_5898
CVAE_5899	CVAE_5899
CVAE_5902	CVAE_5902
CVAE_5903	CVAE_5903
CVAE_5904	CVAE_5904
CVAE_5905	CVAE_5905
CVAE_5907	CVAE_5907
CVAE_5908	CVAE_5908
CVAE_5909	CVAE_5909
CVAE_5911	CVAE_5911
CVAE_5913	CVAE_5913
CVAE_5914	CVAE_5914
CVAE_5919	CVAE_5919
CVAE_5921	CVAE_5921
CVAE_5923	CVAE_5923
CVAE_5932	CVAE_5932
CVAE_5934	CVAE_5934
CVAE_5935	CVAE_5935
CVAE_5938	CVAE_5938
CVAE_5938	CVAE_4388
CVAE_5940	CVAE_5940
CVAE_9603	CVAE_9603
CVAE_9607	CVAE_9607
CVAE_9608	CVAE_9608
CVAE_9610	CVAE_9610
CVAE_9613	CVAE_9613
CVAE_9624	CVAE_9624
CVAE_9629	CVAE_9629
CVAE_9633	CVAE_9633
CVAE_9637	CVAE_9637
CVAE_9640	CVAE_9640
CVAE_9642	CVAE_9642
CVAE_9643	CVAE_9643
CVAE_9644	CVAE_9644
CVAE_9645	CVAE_9645
CVAE_9646	CVAE_9646
CVAE_9647	CVAE_9647
CVAE_9652	CVAE_9652
CVAE_9653	CVAE_9653
CVAE_9654	CVAE_9654
CVAE_9656	CVAE_9656
CVAE_9662	CVAE_9662
CVAE_9666	CVAE_9666
CVAE_9670	CVAE_9670
CVAE_9671	CVAE_9671
CVAE_9675	CVAE_9675
CVAE_9676	CVAE_9676
CVAE_9677	CVAE_9677
CVAE_9678	CVAE_9678
CVAE_9679	CVAE_9679
CVAE_9682	CVAE_9682
CVAE_9683	CVAE_9683
CVAE_9688	CVAE_9688
CVAE_9690	CVAE_9690
CVAE_9700	CVAE_9700
CVAE_9707	CVAE_9707
CVAE_9713	CVAE_9713
CVAE_9718	CVAE_9718
CVAE_9721	CVAE_9721
CVAE_9726	CVAE_9726
CVAE_9731	CVAE_9731
CVAE_9733	CVAE_9733
CVAE_9734	CVAE_9734
CVAE_9735	CVAE_9735
CVAE_9736	CVAE_9736
CVAE_9737	CVAE_9737
CVAE_9740	CVAE_9740
CVAE_9742	CVAE_9742
CVAE_9745	CVAE_9745
CVAE_9747	CVAE_9747
CVAE_9750	CVAE_9750
CVAE_9753	CVAE_9753
CVAE_9759	CVAE_9759
CVAE_9760	CVAE_9760
CVAE_9767	CVAE_9767
CVAE_9770	CVAE_9770
CVAE_9778	CVAE_9778
CVAE_9784	CVAE_9784
CVAE_9785	CVAE_9785
CVAE_9788	CVAE_9788
CVAE_9789	CVAE_9789
CVAE_9793	CVAE_9793
CVAE_9794	CVAE_9794
CVAE_9795	CVAE_9795
CVAE_9796	CVAE_9796
CVAE_9797	CVAE_9797
CVAE_9801	CVAE_9801
CVAE_9803	CVAE_9803
CVAE_9804	CVAE_9804
CVAE_9805	CVAE_9805
CVAE_9810	CVAE_9810
CVAE_9813	CVAE_9813
CVAE_9815	CVAE_9815
CVAE_9816	CVAE_9816
CVAE_9819	CVAE_9819
CVAE_9820	CVAE_9820
CVAE_9821	CVAE_9821
CVAE_9823	CVAE_9823
CVAE_9825	CVAE_9825
CVAE_9831	CVAE_9831
CVAE_9831	CVAE_5426
CVAE_9837	CVAE_9837
CVAE_9840	CVAE_9840
CVAE_9845	CVAE_9845
CVAE_9847	CVAE_9847
CVAE_9854	CVAE_9854
CVAE_9856	CVAE_9856
CVAE_9859	CVAE_9859
CVAE_9860	CVAE_9860
CVAE_9861	CVAE_9861
CVAE_9862	CVAE_9862
CVAE_9863	CVAE_9863
CVAE_9864	CVAE_9864
CVAE_9865	CVAE_9865
CVAE_9867	CVAE_9867
CVAE_9868	CVAE_9868
CVAE_9869	CVAE_9869
CVAE_9870	CVAE_9870
CVAE_9871	CVAE_9871
CVAE_9872	CVAE_9872
CVAE_9873	CVAE_9873
CVAE_9874	CVAE_9874
CVAE_9875	CVAE_9875
CVAE_9876	CVAE_9876
CVAE_9877	CVAE_9877
CVAE_9878	CVAE_9878
CVAE_9879	CVAE_9879
CVAE_9881	CVAE_9881
CVAE_9882	CVAE_9882
CVAE_9898	CVAE_9898
CVAE_9899	CVAE_9899
CVAE_9900	CVAE_9900
CVAE_9901	CVAE_9901
CVAE_9902	CVAE_9902
CVAE_9913	CVAE_9913
CVAE_9919	CVAE_9919
CVAE_9922	CVAE_9922
CVAE_9923	CVAE_9923
CVAE_9926	CVAE_9926
CVAE_9928	CVAE_9928
CVAE_9933	CVAE_9933
CVAE_9936	CVAE_9936
CVAE_9937	CVAE_9937
CVAE_9939	CVAE_9939
CVAE_9941	CVAE_9941
CVAE_9949	CVAE_9949
CVAE_9955	CVAE_9955
CVAE_9962	CVAE_9962
CVAE_9964	CVAE_9964
CVAE_9966	CVAE_9966
CVAE_9969	CVAE_9969
CVAE_9971	CVAE_9971
CVAE_9973	CVAE_9973
CVAE_9979	CVAE_9979
CVAE_9980	CVAE_9980
CVAE_9984	CVAE_9984
CVAE_9985	CVAE_9985
CVAE_9992	CVAE_9992
CVAE_9993	CVAE_9993
CVAE_9994	CVAE_9994
CVAE_9995	CVAE_9995
CVAE_9999	CVAE_9999
CVAE_10000	CVAE_10000
CVAE_10004	CVAE_10004
CVAE_10005	CVAE_10005
CVAE_10006	CVAE_10006
CVAE_10007	CVAE_10007
CVAE_10009	CVAE_10009
CVAE_10010	CVAE_10010
CVAE_10013	CVAE_10013
CVAE_10016	CVAE_10016
CVAE_10019	CVAE_10019
CVAE_10044	CVAE_10044
CVAE_10046	CVAE_10046
CVAE_10047	CVAE_10047
CVAE_10048	CVAE_10048
CVAE_10049	CVAE_10049
CVAE_10053	CVAE_10053
CVAE_10075	CVAE_10075
CVAE_10081	CVAE_10081
CVAE_10082	CVAE_10082
CVAE_10083	CVAE_10083
CVAE_10087	CVAE_10087
CVAE_10094	CVAE_10094
CVAE_10096	CVAE_10096
CVAE_10098	CVAE_10098
CVAE_10103	CVAE_10103
CVAE_10117	CVAE_10117
CVAE_10128	CVAE_10128
CVAE_10131	CVAE_10131
CVAE_10149	CVAE_10149
CVAE_10172	CVAE_10172
CVAE_10177	CVAE_10177
CVAE_10178	CVAE_10178
CVAE_10179	CVAE_10179
CVAE_10181	CVAE_10181
CVAE_10181	CVAE_6023
CVAE_10182	CVAE_10182
CVAE_10193	CVAE_10193
CVAE_10194	CVAE_10194
CVAE_10202	CVAE_10202
CVAE_10204	CVAE_10204
CVAE_10207	CVAE_10207
CVAE_10208	CVAE_10208
CVAE_10209	CVAE_10209
CVAE_10210	CVAE_10210
CVAE_10215	CVAE_10215
CVAE_10216	CVAE_10216
CVAE_10217	CVAE_10217
CVAE_10218	CVAE_10218
CVAE_10225	CVAE_10225
CVAE_10226	CVAE_10226
CVAE_10228	CVAE_10228
CVAE_10229	CVAE_10229
CVAE_10231	CVAE_10231
CVAE_10235	CVAE_10235
CVAE_10242	CVAE_10242
CVAE_10243	CVAE_10243
CVAE_10244	CVAE_10244
CVAE_10250	CVAE_10250
CVAE_10251	CVAE_10251
CVAE_1378	CVAE_1378
CVAE_1380	CVAE_1380
CVAE_1392	CVAE_1392
CVAE_1405	CVAE_1405
CVAE_1406	CVAE_1406
CVAE_1411	CVAE_1411
CVAE_1412	CVAE_1412
CVAE_1413	CVAE_1413
CVAE_1414	CVAE_1414
CVAE_1417	CVAE_1417
CVAE_1418	CVAE_1418
CVAE_1419	CVAE_1419
CVAE_1420	CVAE_1420
CVAE_1422	CVAE_1422
CVAE_1423	CVAE_1423
CVAE_1424	CVAE_1424
CVAE_1425	CVAE_1425
CVAE_1428	CVAE_1428
CVAE_1429	CVAE_1429
CVAE_1430	CVAE_1430
CVAE_1431	CVAE_1431
CVAE_1433	CVAE_1433
CVAE_1434	CVAE_1434
CVAE_1436	CVAE_1436
CVAE_1437	CVAE_1437
CVAE_1438	CVAE_1438
CVAE_1439	CVAE_1439
CVAE_1442	CVAE_1442
CVAE_1446	CVAE_1446
CVAE_1448	CVAE_1448
CVAE_1450	CVAE_1450
CVAE_1452	CVAE_1452
CVAE_1454	CVAE_1454
CVAE_1454	CVAE_38
CVAE_1455	CVAE_1455
CVAE_1456	CVAE_1456
CVAE_1457	CVAE_1457
CVAE_1458	CVAE_1458
CVAE_1460	CVAE_1460
CVAE_1467	CVAE_1467
CVAE_1469	CVAE_1469
CVAE_1479	CVAE_1479
CVAE_1480	CVAE_1480
CVAE_1482	CVAE_1482
CVAE_1483	CVAE_1483
CVAE_1485	CVAE_1485
CVAE_1488	CVAE_1488
CVAE_1490	CVAE_1490
CVAE_1497	CVAE_1497
CVAE_1498	CVAE_1498
CVAE_1503	CVAE_1503
CVAE_1504	CVAE_1504
CVAE_1505	CVAE_1505
CVAE_1508	CVAE_1508
CVAE_1509	CVAE_1509
CVAE_1510	CVAE_1510
CVAE_1514	CVAE_1514
CVAE_1518	CVAE_1518
CVAE_1519	CVAE_1519
CVAE_1520	CVAE_1520
CVAE_1522	CVAE_1522
CVAE_1523	CVAE_1523
CVAE_1524	CVAE_1524
CVAE_1529	CVAE_1529
CVAE_1556	CVAE_1556
CVAE_1557	CVAE_1557
CVAE_1559	CVAE_1559
CVAE_1560	CVAE_1560
CVAE_1564	CVAE_1564
CVAE_1565	CVAE_1565
CVAE_1568	CVAE_1568
CVAE_1570	CVAE_1570
CVAE_1571	CVAE_1571
CVAE_1572	CVAE_1572
CVAE_1577	CVAE_1577
CVAE_1585	CVAE_1585
CVAE_1607	CVAE_1607
CVAE_1611	CVAE_1611
CVAE_1612	CVAE_1612
CVAE_1613	CVAE_1613
CVAE_1624	CVAE_1624
CVAE_1628	CVAE_1628
CVAE_1629	CVAE_1629
CVAE_1634	CVAE_1634
CVAE_1635	CVAE_1635
CVAE_1637	CVAE_1637
CVAE_1639	CVAE_1639
CVAE_1648	CVAE_1648
CVAE_1651	CVAE_1651
CVAE_1652	CVAE_1652
CVAE_1653	CVAE_1653
CVAE_1654	CVAE_1654
CVAE_1657	CVAE_1657
CVAE_1660	CVAE_1660
CVAE_1661	CVAE_1661
CVAE_1663	CVAE_1663
CVAE_1665	CVAE_1665
CVAE_1667	CVAE_1667
CVAE_1674	CVAE_1674
CVAE_1678	CVAE_1678
CVAE_1682	CVAE_1682
CVAE_10254	CVAE_10254
CVAE_10258	CVAE_10258
CVAE_10259	CVAE_10259
CVAE_10261	CVAE_10261
CVAE_10269	CVAE_10269
CVAE_10272	CVAE_10272
CVAE_10273	CVAE_10273
CVAE_10274	CVAE_10274
CVAE_10276	CVAE_10276
CVAE_10277	CVAE_10277
CVAE_10278	CVAE_10278
CVAE_10279	CVAE_10279
CVAE_10280	CVAE_10280
CVAE_10280	CVAE_7448
CVAE_10281	CVAE_10281
CVAE_10282	CVAE_10282
CVAE_10283	CVAE_10283
CVAE_10323	CVAE_10323
CVAE_10328	CVAE_10328
CVAE_10333	CVAE_10333
CVAE_10335	CVAE_10335
CVAE_10336	CVAE_10336
CVAE_10339	CVAE_10339
CVAE_10342	CVAE_10342
CVAE_10344	CVAE_10344
CVAE_10346	CVAE_10346
CVAE_10347	CVAE_10347
CVAE_10348	CVAE_10348
CVAE_10349	CVAE_10349
CVAE_10351	CVAE_10351
CVAE_10352	CVAE_10352
CVAE_10355	CVAE_10355
CVAE_10356	CVAE_10356
CVAE_10364	CVAE_10364
CVAE_10365	CVAE_10365
CVAE_10366	CVAE_10366
CVAE_10368	CVAE_10368
CVAE_10372	CVAE_10372
CVAE_10374	CVAE_10374
CVAE_10376	CVAE_10376
CVAE_10379	CVAE_10379
CVAE_10385	CVAE_10385
CVAE_10387	CVAE_10387
CVAE_10388	CVAE_10388
CVAE_10389	CVAE_10389
CVAE_10391	CVAE_10391
CVAE_10393	CVAE_10393
CVAE_10397	CVAE_10397
CVAE_10398	CVAE_10398
CVAE_10403	CVAE_10403
CVAE_10404	CVAE_10404
CVAE_10416	CVAE_10416
CVAE_10421	CVAE_10421
CVAE_10430	CVAE_10430
CVAE_10433	CVAE_10433
CVAE_10435	CVAE_10435
CVAE_10438	CVAE_10438
CVAE_10439	CVAE_10439
CVAE_10441	CVAE_10441
CVAE_10442	CVAE_10442
CVAE_10443	CVAE_10443
CVAE_10444	CVAE_10444
CVAE_10445	CVAE_10445
CVAE_10446	CVAE_10446
CVAE_10447	CVAE_10447
CVAE_10450	CVAE_10450
CVAE_10453	CVAE_10453
CVAE_10455	CVAE_10455
CVAE_10457	CVAE_10457
CVAE_10460	CVAE_10460
CVAE_10460	CVAE_586
CVAE_10467	CVAE_10467
CVAE_10468	CVAE_10468
CVAE_10470	CVAE_10470
CVAE_10473	CVAE_10473
CVAE_10487	CVAE_10487
CVAE_10490	CVAE_10490
CVAE_10492	CVAE_10492
CVAE_10498	CVAE_10498
CVAE_10507	CVAE_10507
CVAE_10510	CVAE_10510
CVAE_10517	CVAE_10517
CVAE_10520	CVAE_10520
CVAE_10523	CVAE_10523
CVAE_10523	CVAE_4102
CVAE_10534	CVAE_10534
CVAE_10539	CVAE_10539
CVAE_10540	CVAE_10540
CVAE_10550	CVAE_10550
CVAE_10557	CVAE_10557
CVAE_10565	CVAE_10565
CVAE_10568	CVAE_10568
CVAE_10573	CVAE_10573
CVAE_10576	CVAE_10576
CVAE_10576	CVAE_2555
CVAE_10577	CVAE_10577
CVAE_10578	CVAE_10578
CVAE_10580	CVAE_10580
CVAE_10581	CVAE_10581
CVAE_10582	CVAE_10582
CVAE_10586	CVAE_10586
CVAE_10595	CVAE_10595
CVAE_10603	CVAE_10603
CVAE_10604	CVAE_10604
CVAE_10605	CVAE_10605
CVAE_10606	CVAE_10606
CVAE_10608	CVAE_10608
CVAE_10623	CVAE_10623
CVAE_10624	CVAE_10624
CVAE_10629	CVAE_10629
CVAE_10630	CVAE_10630
CVAE_10631	CVAE_10631
CVAE_10634	CVAE_10634
CVAE_10638	CVAE_10638
CVAE_10642	CVAE_10642
CVAE_10645	CVAE_10645
CVAE_10650	CVAE_10650
CVAE_10651	CVAE_10651
CVAE_10657	CVAE_10657
CVAE_10658	CVAE_10658
CVAE_10659	CVAE_10659
CVAE_10660	CVAE_10660
CVAE_10661	CVAE_10661
CVAE_10666	CVAE_10666
CVAE_10671	CVAE_10671
CVAE_10672	CVAE_10672
CVAE_10673	CVAE_10673
CVAE_10675	CVAE_10675
CVAE_10677	CVAE_10677
CVAE_10679	CVAE_10679
CVAE_10680	CVAE_10680
CVAE_10681	CVAE_10681
CVAE_10688	CVAE_10688
CVAE_10695	CVAE_10695
CVAE_10696	CVAE_10696
CVAE_10697	CVAE_10697
CVAE_10702	CVAE_10702
CVAE_10707	CVAE_10707
CVAE_10709	CVAE_10709
CVAE_10709	CVAE_4285
CVAE_10711	CVAE_10711
CVAE_10718	CVAE_10718
CVAE_10720	CVAE_10720
CVAE_10721	CVAE_10721
CVAE_10723	CVAE_10723
CVAE_10726	CVAE_10726
CVAE_10726	CVAE_6417
CVAE_10727	CVAE_10727
CVAE_10728	CVAE_10728
CVAE_10733	CVAE_10733
CVAE_10737	CVAE_10737
CVAE_10738	CVAE_10738
CVAE_10744	CVAE_10744
CVAE_10746	CVAE_10746
CVAE_10753	CVAE_10753
CVAE_10770	CVAE_10770
CVAE_10774	CVAE_10774
CVAE_10786	CVAE_10786
CVAE_10790	CVAE_10790
CVAE_10800	CVAE_10800
CVAE_10801	CVAE_10801
CVAE_10802	CVAE_10802
CVAE_10805	CVAE_10805
CVAE_10807	CVAE_10807
CVAE_10807	CVAE_1935
CVAE_10812	CVAE_10812
CVAE_10818	CVAE_10818
CVAE_10819	CVAE_10819
CVAE_10820	CVAE_10820
CVAE_10825	CVAE_10825
CVAE_10826	CVAE_10826
CVAE_10830	CVAE_10830
CVAE_10831	CVAE_10831
CVAE_10835	CVAE_10835
CVAE_10837	CVAE_10837
CVAE_10838	CVAE_10838
CVAE_10839	CVAE_10839
CVAE_10841	CVAE_10841
CVAE_10842	CVAE_10842
CVAE_10847	CVAE_10847
CVAE_10849	CVAE_10849
CVAE_10851	CVAE_10851
CVAE_10864	CVAE_10864
CVAE_10875	CVAE_10875
CVAE_10877	CVAE_10877
CVAE_10878	CVAE_10878
CVAE_10880	CVAE_10880
CVAE_10881	CVAE_10881
CVAE_10884	CVAE_10884
CVAE_10886	CVAE_10886
CVAE_10888	CVAE_10888
CVAE_10889	CVAE_10889
CVAE_10892	CVAE_10892
CVAE_10893	CVAE_10893
CVAE_10893	CVAE_9639
CVAE_10895	CVAE_10895
CVAE_10901	CVAE_10901
CVAE_10904	CVAE_10904
CVAE_10910	CVAE_10910
CVAE_10915	CVAE_10915
CVAE_10918	CVAE_10918
CVAE_10919	CVAE_10919
CVAE_10920	CVAE_10920
CVAE_10922	CVAE_10922
CVAE_10925	CVAE_10925
CVAE_10944	CVAE_10944
