sequence,length
MMGMA,5
IEMKA,5
MPKME,5
EPVMCEK,7
WEMIVA,6
MSWAGKME,8
EMKWP,5
YAMWIE,6
MDAKMMEEILE,11
LMAMMK,6
PLRVW,5
GKWAE,5
WVPMI,5
WALGEP,6
KWAEMPREPMG,11
EKFMKKWA,8
WEPMA,5
EHAMMK,6
KMMME,5
KMPWKE,6
MKMWE,5
MMGMK,5
MGEMK,5
FKWGKE,6
HMKKM,5
RMKMGM,6
MMAEFMMKG,9
KEHWA,5
RPKWKE,6
MGMMKM,6
AMWSEWD,7
KMKEPKGMM,9
KWAEE,5
MKMKE,5
KLEFHK,6
MKCVFE,6
RSKAKMEEG,9
HKMVWAMEPM,10
KMMGAE,6
MKVFE,5
RMCME,5
KWVRE,5
KGKVF,5
RMMVK,5
RMPKMKWDKFM,11
WNMAMLMMKARNE,13
MKGMMR,6
EPRVK,5
MFTIP,5
MNKRR,5
MKHMWA,6
ERGKCLA,7
MVFFK,5
RGMKA,5
WVKPF,5
KSRWVWGM,8
EVKKRD,6
EKWVKM,6
WEEAKWVK,8
AMLMG,5
PMKIE,5
AREKMMN,7
AEKCFP,6
WKPMMV,6
MPMIKKE,7
WPVEKIM,7
NKKWAME,7
TLVRRP,6
TKIYRPQM,8
RPKYM,5
RPRYK,5
KVQRK,5
PVRKKIM,7
KFPVKIR,7
PVKMHR,6
RWKPVKQ,7
MKKVF,5
SRWNK,5
IPKRQVNLF,9
RPVFIKYKK,9
PAIRP,5
QKPKN,5
RPMKK,5
RNSHKFWVR,9
RNYSMR,6
KWKPR,5
RVNKPR,6
PVKKIR,6
NRWKA,5
MKCVFR,6
KIFPR,5
KQVPR,5
KQVRGNK,7
RWPVKK,6
RHMPRQNK,8
PVPRITKYR,9
RLKFP,5
MFKMPR,6
RTRKF,5
RVYKCMHR,8
TQYTN,5
YNTNY,5
TYNNP,5
NPYNP,5
WKEFIPV,7
YFMIP,5
IVFPK,5
YAPKE,5
YIEFVIVWVPFFW,13
VYCLVWIF,8
PEIMP,5
YLFIV,5
EFFYIK,6
VRWWP,5
WNKPVHK,7
KQASK,5
RWMWPV,6
MVWVM,5
VLFFFI,6
IMPYV,5
SMGNA,5
EARVEKG,7
QENNSA,6
NNNSA,5
ESNNF,5
AQIMNNSEA,9
ANNKNS,6
NTRNK,5
WTWPV,5
TKTQP,5
MAADEKNE,8
MKKED,5
SRDNKE,6
EPKFA,5
YTFWP,5
YFYPM,5
ILMVL,5
LVVMM,5
IVPFLI,6
TWCVLF,6
CFLILVWVP,9
WLVPV,5
FVIKEIVR,8
YMILV,5
VTWFLIPY,8
LVIFH,5
IMMVL,5
VILPVL,6
VRMLAM,6
LFWIY,5
FWIVY,5
MFVIM,5
HVIML,5
VIWLLF,6
YVIIML,6
IMVLWVM,7
VLFTIF,6
VIMCFL,6
VIEMILFPM,9
LIVVK,5
ARLMVW,6
ILPKL,5
LMVLM,5
EMARC,5
PYPIP,5
MPKYM,5
SNEPA,5
MEVKG,5
AMEKD,5
MKWVKE,6
MMIMKE,6
QKKME,5
KLMFDCMMGKER,12
TKWPM,5
FTPIYQ,6
KLVQE,5
VTWLP,5
MVHFM,5
MIPKM,5
MAKWML,6
MVKMME,6
VWIPFV,6
LKMVFWA,7
MKGMKEDVFWL,11
VTWCRE,6
FVKIP,5
VKWAEEM,7
MGKWD,5
LVIEPFK,7
MVWIK,5
YKLFW,5
CPVECF,6
MVNLFW,6
MVMVMWKKWWLM,12
MMMGMM,6
WVKPE,5
PMIVF,5
QLIVKE,6
KWAEVP,6
KMLWALVP,8
PMMFC,5
MVKMGM,6
MVWMKMLKAEWGM,13
KLIWAEVK,8
MVKCEIKK,8
VKMMIW,6
LVKAIMA,7
PVWMAE,6
FIYWP,5
WMMKED,6
WVPMV,5
RPMINK,6
VHKIQM,6
KQVHK,5
QNYIYVK,7
NKYIR,5
YRSFIK,6
WNRPK,5
KWTRVK,6
CTFKYKV,7
TKVIQPQRP,9
PRIVFK,6
SKFQVR,6
KQVNYR,6
YKKIK,5
HSRWVK,6
YKFQR,5
QPRYKP,6
KNRPQ,5
TMKWRM,6
YAMNK,5
GRWSR,5
MVYKQR,6
RQMMA,5
ERQVNGFQNK,10
YTPNV,5
CTYQFI,6
TQPYFY,6
RPWVP,5
AQMEME,6
QVWPFFL,7
NIEFY,5
KWVPC,5
MPVKL,5
PVFIQ,5
MASNKER,7
KVMMK,5
IEPVM,5
WDAQKRDME,9
MKMKM,5
MMMERMK,7
IPYKV,5
PKHMW,5
FIYVIV,6
MIFWPM,6
MVLFY,5
NYFPI,5
YKIFYP,6
FTVCIY,6
MVNFI,5
IWMVLFLVP,9
YFVAWIL,7
TVWPR,5
EVWKD,5
ANMSD,5
QTFYPV,6
FVIPH,5
EPKAE,5
YFFIPY,6
WPFIV,5
YVIWP,5
PYIEFV,6
LVFTIY,6
VQKVYF,6
YFFYI,5
MVMIF,5
FWVAE,5
NQPYR,5
QPVNKF,6
YTWWVY,6
YTPRV,5
QDASNKNHAN,10
TWPVFL,6
MTIPYR,6
MIVYK,5
EVKMAE,6
AKWDME,6
YKKMEIEGK,9
MVFKW,5
MARYKE,6
FNPPN,5
KQEAE,5
VRALEDNM,8
YMVWK,5
IEFMK,5
EMMVFA,6
WMVPM,5
PFIMN,5
AMMEW,5
QWVLW,5
WKEDPR,6
NMRGE,5
KWEKDVHEMK,10
KWAMEMEMLVFMC,13
MVKMIPKMMWE,11
PWMIM,5
KWVKD,5
WEKVEHA,7
KMMGE,5
KVFEE,5
EWAFPKMV,8
WAEWP,5
EPSKKE,6
RDPKE,5
WEMPLA,6
MMKWDMAMA,9
GDEMMMKCPE,10
RMKMKME,7
KHMPE,5
KELVPFWAKMM,11
WAEKFM,6
HWAMKD,6
ERPKWE,6
MWAEK,5
KLVFIE,6
PMVIEK,6
VKIFLP,6
VTIFW,5
PKQMMG,6
KIPYK,5
TWPKI,5
PMPWVRKKK,9
FLIYYV,6
WPVYI,5
PKVIY,5
TWNRP,5
YTKWP,5
YRPPC,5
YMPWI,5
MMKNAMMMMWVH,12
KMFMMDMIGKAMMAGVLEWAEKM,23
KWPMAVE,7
EIMPHKM,7
PKFIE,5
MPVMKIE,7
WEKPRG,6
RPDMW,5
AEKEMR,6
MAMLEEEFKKD,11
KMEMG,5
KWAERKHMMP,10
KMPKE,5
PDIEKKW,7
MIVKMEE,7
RPHPK,5
VRPKMVMMWD,10
PYIKWMKVKE,10
PAFKEE,6
ENPKE,5
KAAKKGEEDEQE,12
RNVCLRAR,8
TNPYF,5
IYTPV,5
ITEFY,5
YFLPV,5
MVLKW,5
WVPLM,5
IPVYK,5
PVFKI,5
MVFLPKI,7
PMIME,5
KLVVLCWVLMWAIMWLIMKAVVMFECMLMWVAVIVFWVVWIFM,43
FLIVK,5
PVFFL,5
MVNFLR,6
PFNIL,5
VIYWIMI,7
VMLFCIY,7
WTLPWV,6
FLPIV,5
PFYVI,5
MLVLMKFVW,9
VQLIC,5
YIFLPFFYY,9
PFFIY,5
FYPFC,5
FQYPIV,6
FQPIV,5
SPYMIV,6
WLVFP,5
VTWWF,5
NFLIV,5
IVYIF,5
PVQIM,5
PIVVIY,6
YPFIM,5
YFPIM,5
YVLPF,5
FLITPWVQCPFV,12
PFMIVY,6
NFYFVI,6
VYFYRV,6
AIWPYP,6
YSFIM,5
KTLFW,5
FTVVWP,6
ANNNQ,5
VPTTN,5
NFTIYV,6
YQNPTFY,7
TVNYQ,5
TFWNYY,6
YTIQY,5
NTYYQTIF,8
MPASFN,6
SWNAE,5
VPKIE,5
AMWED,5
PFNVYM,6
PRTKIIM,7
YKLPFI,6
PMAFKKWG,8
MEMMKW,6
TVNIPRWPK,9
MPKKM,5
MPKKIE,6
PVKQE,5
VWNMM,5
VMLIC,5
WEALF,5
MVKWA,5
FLYPV,5
VFMIM,5
FVIPY,5
VLLYM,5
ENWPY,5
TVKEWPFW,8
QKMGAE,6
NVMPF,5
MVHNKS,6
DLWMAEMALMEMMG,14
AMMEMWV,7
FLPKW,5
MMMMELA,7
MKMMEMHM,8
VKKPLMI,7
VMMKWAWE,8
RQEMG,5
MQFGN,5
SKKTW,5
PQVMIK,6
KLVFH,5
QVHFNK,6
QPIYK,5
EVMAR,5
QWVPYR,6
TWEPC,5
YIFNP,5
EPWCV,5
KDIEP,5
DIEYF,5
QPLWIP,6
NEMRM,5
MMMGNE,6
YKFPM,5
QSKND,5
MMKAAME,7
WNPVSR,6
YVKHLW,6
LMVEKIPM,8
IEPWPFLVM,9
FLPPI,5
MVKWM,5
PVMLWL,6
VLRFPWIP,8
VPRFL,5
MFKMIKPWAM,10
VLFEW,5
VYMIREW,7
IWLPF,5
VCMIKW,6
WVMMKLFWV,9
FQPYRPI,7
AWLMVK,6
VELII,5
VILPWI,6
PVLMIIIMVPL,11
WLFPMVWP,8
WEPFICVYPH,10
VKWAEMD,7
FIPWVPL,7
IPIMV,5
FLWVMMK,7
MAELFPI,7
MVFLIM,6
PVLIM,5
MMLEMMVLWIGKIKMM,16
IALPVM,6
FVLKWLLPVWVI,12
VLPMW,5
CQLIPVYF,8
WKPMMVE,7
VFWEWVPI,8
MVLFW,5
IEMPK,5
PTKGKQ,6
KMPKME,6
YKGKM,5
CPFVYV,6
FYIIP,5
VNFLWIK,7
KRYWKHMAA,9
KLVWA,5
VLIWR,5
VLIYC,5
VMWWNMV,7
FVKIWY,6
IFLIP,5
VYVIM,5
VNLWVFA,7
MFVIW,5
PFIVKY,6
IMVIMLF,7
MMMMVMKW,8
IMMME,5
VMIKIP,6
QMLIV,5
MVMLLA,6
SMVFIW,6
LWVMALR,7
FLPIY,5
YAWVLGWKMVLV,12
FLIWVYPV,8
FFVVWI,6
VFLIWVVI,8
YFLWV,5
MVFYQIC,7
CVIMVFW,7
MVFWLV,6
VSKTQMNM,8
KHCEPM,6
PMVEP,5
IEWEPK,6
DSRYA,5
IEFYA,5
YAAWGKNE,8
INWDMRAKQ,9
YFYPIV,6
YIPKLV,6
CSQTINRNP,9
WNRKP,5
FTWPM,5
MNFPV,5
MGVKKE,6
IKLKPVE,7
RMTFRMLGEDEEKEWAV,17
MVLMIFK,7
CPVIMKL,7
WVIVPF,6
MVPKC,5
DYMARAEMEG,10
MMVKWVE,7
RYAKMMLKD,9
MVIKM,5
RVWKPEMAP,9
KMMWVLFE,8
WALPV,5
WFLPWIM,7
FEKIVPE,7
LKWVM,5
FLPKI,5
MKLVFW,6
TFWVK,5
FTVYIWT,7
MSFIY,5
VYFYII,6
VYFTWNPIY,9
TFWYTP,6
QYFPYIIT,8
NYVFK,5
YTFIIY,6
PTIVFY,6
YVFTW,5
YFYCPI,6
ITWYR,5
NMPFVC,6
YDVWR,5
TWPRY,5
FLVYPTR,7
ITYPPCY,7
FSQIPY,6
PFIYK,5
KAMNMMKNQGE,11
MVFFE,5
KLVFMIE,7
FHVWP,5
RWWLVP,6
MVFALM,6
MVYKLDWA,8
PYFIM,5
YAFIR,5
FYVPRW,6
NPYCPIL,7
PFIVK,5
TPVIWFY,7
IMPYR,5
PVLIM,5
FTWWP,5
YMVFPI,6
YPVCI,5
YRFPI,5
CVIFL,5
QPEPKP,6
NNNNNS,6
NNNSTS,6
YNNPSNT,7
NNPTPNTT,8
NNSNQNN,7
TQNPY,5
NNSNA,5
YNNSQ,5
NNTSN,5
NQNYNNS,7
NTNPNYNT,8
ANNANNNS,8
YTNFNT,6
YYTNY,5
WAMEM,5
WAEPWV,6
EMKGMIMVMKMDM,13
WAVKWD,6
KEKLAKMLAEMMFGLW,16
MVMPMMMERMMMVKL,15
WGKMA,5
MVMMKWV,7
PFQIL,5
FMIKWEEK,8
MKICW,5
FWPMM,5
AWVKEMMGWMLFEM,14
RDPKKKLLMLIKW,13
MAEDW,5
KWAEMPMMMME,11
MEVMMKHFWA,10
AKEEWPM,7
ALWMEWM,7
EGKMA,5
MVFPKWK,7
AMELG,5
IMLKW,5
WPMVK,5
LHMMM,5
LVMARWDLM,9
MVWKKE,6
MMKMM,5
WVFLPYIM,8
YNTPT,5
STQNP,5
NNNNQA,6
NNNNS,5
YSFRPK,6
QVNRK,5
PYIQRPR,7
NRQYK,5
PITRYRPYTF,10
YKFTIVYFY,9
HTKPFYM,7
RLKQFY,6
YPKFI,5
CYRKT,5
SFRVQM,6
QTFRM,5
PRVQR,5
PVYKIR,6
KFQIVYR,7
QMANS,5
CTRTVYR,7
FVPKIQ,6
FLPYVYRKI,9
CPYFV,5
MVFKIM,6
MGMMM,5
NFFYP,5
YMIFYP,6
MPYIK,5
KWVKE,5
RTVFI,5
YANFP,5
NPFPIY,6
YKTWPV,6
VFTRP,5
CYCTIP,6
WSRPP,5
FTPIR,5
EFTYIYS,7
MEVKF,5
MPMVFW,6
MMWEKD,6
WAAMG,5
KWVKE,5
PRKKIM,6
MKMMKMLM,8
KMMEG,5
RMALWK,6
RKMKN,5
WKEHKA,6
KLMMAMVGKW,10
KIPHM,5
QKLLVVMQCRKM,12
MMCLM,5
MMKLG,5
FMYPKI,6
MKFWVK,6
KVFWK,5
PFIIYK,6
ALRNMM,6
MKLMVFKHFM,10
QMMVAMNMR,9
QPFIPYV,7
VNKFI,5
MMMAMKG,7
YKFWK,5
MKVFR,5
KLVFK,5
MVFPQKR,7
RVFQC,5
MVKFNAWVH,9
VFWIV,5
IYIVFWIPY,9
RNMLV,5
YFVIFL,6
LAVVLF,6
IVYTC,5
VINPY,5
LVRMV,5
YFLIP,5
FEPVI,5
SLWVF,5
VNWFL,5
FLVMIM,6
MVALMW,6
LIFYV,5
IEYVFV,6
MMAWEG,6
YATWP,5
AMNSHM,6
FVWVIY,6
YKETVWAKKEWPF,13
PMFLI,5
PKVVAWE,7
YLFPK,5
YAEFW,5
PVKIQE,6
VEAWVF,6
WVPEI,5
AKMEEG,6
YNAQS,5
MAMGNM,6
NRMMM,5
QNNQT,5
SNTPY,5
NDNQNNT,7
NFPNN,5
NTNYNS,6
TENNTN,6
EMMKW,5
AMMFKMGE,8
MWKAMH,6
MVMLMME,7
KMMFGE,6
KMVEMGCK,8
MMKMMVFKMM,10
EAFWP,5
KEILA,5
AQKLE,5
WYTPI,5
TFYYQ,5
YNATWP,6
PYMIR,5
QPVKQ,5
YVKFQK,6
EMMKD,5
TMEWKNF,7
YFYPI,5
IMEKLM,6
KLAPMIWML,9
RMMIGE,6
KHMML,5
MMKMVMMMDMKAECWM,16
VKCMIE,6
EFPKKC,6
YWDKC,5
VKWKMEWE,8
MPKMMVD,7
QNAMGM,6
VMKLM,5
LWAMVR,6
MAHMMN,6
LMVYEFKR,8
FKWVP,5
VQWVK,5
MMVHWK,6
RPVFL,5
YVPVK,5
WIPYK,5
LMVWKMA,7
WEVAH,5
YLIKWPV,7
FIVHK,5
QSWNA,5
WKEEA,5
PYFIV,5
MMMKWAGD,8
KWKPA,5
MVKWE,5
MMVMEMMAFVMMVD,14
KDERV,5
IPMMLV,6
MKWGE,5
EKVIK,5
WEVAHKMAL,9
FWVMG,5
MMEKFM,6
KMEVDLMKM,9
MVLKW,5
AMEMDMMML,9
VKEEKAFW,8
LFKWAV,6
KLAVED,6
WEMFWAP,7
FWPMI,5
WAEGK,5
FWALA,5
MVGEMM,6
MMMGA,5
QPKYTR,6
PIMYKHM,7
ARWKN,5
KFVQPR,6
QFYIK,5
HQRNP,5
QPKIQ,5
SCMKWK,6
NRYKPT,6
SQPPR,5
TMRWKVP,7
YKIPR,5
KWVTR,5
SRWYKK,6
RPQWT,5
NRPRFY,6
TIIPYK,6
SFLIV,5
CVQPYI,6
SPMIY,5
MMVFLK,6
QMEVFNK,7
PTYVK,5
QSRMAKNK,8
QTMPF,5
TRPYS,5
IPVYK,5
MVMWA,5
WVTMC,5
YIEFVI,6
MVMIMK,6
TCVFWI,6
FIYFV,5
YFPMY,5
KMMGE,5
FMMPMVRKWKM,11
RMKANKQEGNK,11
KVKWA,5
REKKWKK,7
MKDARMMG,8
MKWPKVK,7
KRMMG,5
AMKQE,5
KEMPKFA,7
EKKKFAE,7
ESMMG,5
RFYKQ,5
QTVYKF,6
PVQATKYFI,9
MKIYHRN,7
MKFRY,5
PKKKR,5
VMKQR,5
MEGSVRKRK,9
VPRMKMI,7
RVTLKQM,7
PVNTFL,6
WPTWV,5
AMHIQ,5
KLVFMMMK,8
PMKKW,5
FWVIM,5
MKQAM,5
WMKKE,5
MIVKME,6
VNKPI,5
QKWPV,5
PVMKQME,7
KQEFN,5
QEPSK,5
KFFLI,5
RWYMVM,6
YAKWV,5
YPFLIV,6
NIFPY,5
YPFYIK,6
VNFLP,5
PVYAFK,6
NMVLF,5
MPKFE,5
PVQYIK,6
MVFYIP,6
MPFVIYIWK,9
WPIRVW,6
YKLKIFY,7
VQMINR,6
PVQLNYF,7
MGKYA,5
PVYKM,5
PCFIM,5
MNMMK,5
SRQVNM,6
KMLVF,5
VNRWM,5
WTEPFR,6
MPMVW,5
WPIVM,5
THPMVQ,6
FWIPY,5
VNIYFPW,7
RMILR,5
VCIFY,5
VYVIK,5
VFTWIY,6
MAIWV,5
YLVILIF,7
FTVII,5
VNPFWI,6
TFIWQY,6
YLVFIF,6
VIWLF,5
ECMFEV,6
WVPMI,5
FYLPW,5
LFYVIWI,7
TLIWFLPYV,9
RALEAKIM,8
FWNIP,5
YKVFL,5
IRVVNY,6
KDEEE,5
MSESEKDR,8
KMEAE,5
KMGAKE,6
RENAKNE,7
ADEKNMGE,8
EEEDRE,6
KEKKGKSNNEKAEEAEEKAG,20
EEFKMGNE,8
EAKNKKMEE,9
KGKME,5
KGEEME,6
EMKFKGGE,8
SEEEARKKD,9
RKEEA,5
YAAEKDAMEEEEKEFAMS,18
VTLNIPFY,8
YWTPWV,6
TQFIY,5
TFIYQ,5
TVILY,5
PYTWCYP,7
VNIFY,5
TVNIF,5
NTFYI,5
WTVYK,5
YFITV,5
TFIYY,5
VQKPM,5
EFYPCK,6
RLYPRHFY,8
TWRFPY,6
SQMKK,5
MKVFSMKWG,9
RTPFIW,6
SKNNA,5
NNRPS,5
NDQIKNN,7
TCNPTV,6
KLVFH,5
MAPKME,6
KWMGA,5
EEMDMKMMKRK,11
KLVKR,5
MMLFVM,6
MKYAGD,6
RDMMMMRIEMEG,12
MAMML,5
QMKIGKLM,8
EIVFRKW,7
MPVLWLIKEKKW,12
MVMGM,5
IPVKE,5
FLMVPV,6
WVPIMKL,7
NMAELMVFMK,10
RNMKE,5
MSNMHK,6
RNEMK,5
KTGQMK,6
PFIQK,5
MPKFC,5
WEAMGKK,7
RWQKD,5
YARKN,5
PTVYR,5
FNPRT,5
AQMNH,5
STNRY,5
SQWVNP,6
QNPVK,5
PIFLVY,6
LMIVM,5
MVMCFW,6
YIPFL,5
RYVCD,5
VWTIPL,6
YVWIFII,7
VPIYM,5
VTMIQL,6
FYYVP,5
YTWPI,5
KMEMMG,6
FYIEA,5
QEIEF,5
AMFKEM,6
KYALWG,6
EWVPF,5
MIKEH,5
RMFMMEGVKMAHE,13
MWGVE,5
MDPVMKMME,9
IEPMKW,6
VTLIV,5
VITWY,5
FVMITPYVV,9
YIIFF,5
QVYIF,5
YFTIY,5
TVYFIVY,7
FWITVYITPV,10
YFTVI,5
YPVIT,5
VWVMIMVYTI,10
YIVCLM,6
WVYIY,5
VQKFL,5
TYFVWV,6
VTWQL,5
WPVFY,5
TVYFIIFV,8
AWEFWPM,7
PVICE,5
MADVW,5
KTFWE,5
ANAEMNR,7
SPWTM,5
PCLMVKIM,8
LIKMVFWK,8
IKKMME,6
EMVFWK,6
WAPKLV,6
QMWMGMAE,8
MPFWVK,6
MEKWMMMWD,9
MVKLIM,6
MWAGK,5
WKEVF,5
MEMCRGEA,8
RMKMCLK,7
MVKKW,5
MMKLDM,6
KMGKA,5
MKWVKMMIF,9
EMAMFWK,7
KLMLR,5
LIFYK,5
RMAMM,5
VRWKK,5
KLKKIAPKMVVMME,14
MDRWM,5
RWKPKM,6
WKMKE,5
KWLDAEMH,8
RWKKMME,7
MKMMWVMGGM,10
MVKLWAMNM,9
MKWVKE,6
MVKMVKMAGWCDWIEKKKD,19
ARGMWL,6
PPKKIKM,7
SMGKMMGMLM,10
AEKME,5
MVKMC,5
MAPME,5
YKAEDWE,7
MANEWM,6
EPVKWKME,8
WSEKKG,6
SKMEA,5
MHMKMVMMMEKMAALREMGKWKM,23
KAMMMMGEM,9
MKWPA,5
MNAEEMKHMRGA,12
KHEPF,5
MKAEE,5
KMMME,5
RWKKE,5
WAPMMVE,7
MKNMA,5
KWGMAEE,7
AECKMGKM,8
KMVEE,5
MAPKWM,6
MKPKME,6
MESKWA,6
MKIKEEW,7
WAEKPH,6
IKLEKAFP,8
KAEWME,6
MEVKDE,6
MGMKL,5
KVWEM,5
RWPKMM,6
WREKMD,6
YFTPP,5
YMYFYPWIP,9
LFVYP,5
FLPYV,5
IMVYK,5
LWIPTPY,7
YMPVI,5
YMPFPVR,7
YLRIFPLV,8
PLYIPY,6
FIPYILPSPVYIWI,14
VNIIFP,6
VQWPYIV,7
WTMYPR,6
PIYMIVT,7
YVMIK,5
PFTFIIVY,8
WKKNEA,6
VNFRVQ,6
EFNPA,5
ENQPK,5
YVPIK,5
RVCNP,5
SWPIY,5
WVFPR,5
PMKCIM,6
TVNKFW,6
YTWPK,5
EKCKIEEEEEA,11
KEPED,5
RYFNK,5
VMFWA,5
YVWIPR,6
MLALA,5
YVIMP,5
KVIIE,5
MVNIP,5
MPVVKW,6
VPFLI,5
MEFDVR,6
MVKMCMGM,8
KPLFE,5
EVMHRMVM,8
KEPAL,5
MVMKW,5
KWAEEE,6
KMEMGMA,7
AMMMMMEG,8
MAEEW,5
IEMVK,5
DEVIHK,6
MMEAADMME,9
EVAMME,6
RMMMK,5
MMEMVEVKMKMHMGM,15
MMMKLMA,7
IEFVK,5
MEPKW,5
VNMPFY,6
AMEMWKK,7
MALKWDK,7
WKTEWKMDMMMMGMKMGM,18
EDMMKWA,7
MEMMGK,6
REKFM,5
KWAPA,5
KMMAKGMGE,9
WAPVKW,6
MMAAKEMLGVWLK,13
KMKHME,6
KWAEE,5
MFEKWVP,7
EMKVFFMA,8
WAKEMVF,7
AKMGLIE,7
KLAVEKMME,9
LMVPKWM,7
DQRWE,5
MEHAMMMK,8
KMMME,5
MKAGM,5
EMKWA,5
PKVFIYR,7
MGMMMQ,6
KMMMGMM,7
EFIYV,5
PVFWE,5
VNLFW,5
MWWLPYVVPKLVL,13
EFIEV,5
WTWEWP,6
MMEVMMVWM,9
MLAPW,5
FWPVA,5
MMVKWD,6
ASQWN,5
TQLYYIPYN,9
FEHKI,5
MPKML,5
KIVFE,5
VRFWM,5
WTLCWVPFW,9
MMKME,5
RWAMMCLCA,9
KFWVM,5
EKPVFKK,7
LIPYFPY,7
FIYTP,5
MNVTE,5
YKFTM,5
VVTFW,5
YLVFFFTPI,9
TVFIY,5
FTVIY,5
VLPFCI,6
TFWVQ,5
FNPFIY,6
YVMFWK,6
MKMMKMGMV,9
VEKFM,5
MMVFGK,6
MAEWDFS,7
KMMGE,5
QKLIEH,6
KMVPF,5
HMVFLIM,7
QMEVFKW,7
VNWLMHP,7
KLAED,5
PIVYE,5
VQPFN,5
PVYKQ,5
VNTFY,5
YAMNK,5
RLNMMR,6
SINHFYPIK,9
TVMMKQR,7
KARMG,5
EMAMAGR,7
MNMKK,5
RMGKRYANM,9
YVRFIY,6
VFLIMWTHVLIVPVIII,17
PVFVIII,7
MFIPV,5
YAMVLM,6
YAKLVIM,7
VFPKIW,6
LFYVF,5
FMIYK,5
YFVIK,5
WYVLFP,6
LVVYYIF,7
MVLWVM,6
VQWPV,5
IFTVIVYIM,9
VFNII,5
YIPFYYVIWV,10
YKLMVRIV,8
LHVVYK,6
YKFWA,5
WVPFLI,6
HKWVP,5
MMELV,5
VMMWA,5
KWAKE,5
PMVKKR,6
QYIEVL,6
KTMWVK,6
EQNPT,5
VEQNSK,6
TPRYNK,6
TPNYR,5
TWDYS,5
PFIYK,5
PRPKIVYK,8
FIPVR,5
KSANWF,6
WPRVT,5
PATKKE,6
RWTVP,5
IYPFT,5
YYVPF,5
YAPKKWPCI,9
RPYKNP,6
KPFVW,5
MMKWA,5
MKNAE,5
PFKKC,5
WKPIVK,6
WKIPM,5
MKVLR,5
KMMEMKGMMEA,11
IPKWM,5
RWPMK,5
VPCKKWLM,8
MMVMKMERMKHFW,13
KLVFK,5
PFKIMV,6
YAKWMM,6
YKPFIK,6
WKPMVKR,7
PVMMKIME,8
MMMVKM,6
MVIKW,5
LWVPA,5
MVKWKK,6
KFMVPW,6
VIREP,5
WLVPR,5
KMMMKDMMPM,10
KPMVFRIEE,9
WGAMKVK,7
MVMKW,5
KILPM,5
IKWPME,6
MLMVMKW,7
MAGDQ,5
VYITPF,6
YTFWV,5
VLTTFIYNV,9
YKTLIV,6
QTVWGD,6
VEALIY,6
VFVQIVIY,8
FFIVV,5
YFVWV,5
VMTIYF,6
TFFYI,5
YTVFW,5
FCLITL,6
YMYFV,5
QRNEGS,6
YVDFQ,5
SVFYIK,6
PFVIWV,6
QEVRK,5
FMPVIY,6
EVKFMIM,7
WFYLIWI,7
FRQPV,5
LVFWM,5
MIMVL,5
VWKWPR,6
PTIKE,5
MKMID,5
KMMAME,6
VKMICRL,7
NFVIQ,5
YNITFYPFLY,10
TFLIW,5
MVFYIN,6
SLWVFY,6
TVYQLM,6
IFYTV,5
KTMFE,5
MPVIRL,6
MREMGA,6
RMVKNM,6
EWMYK,5
VNEFFTLWYWV,11
NAMMEM,6
RPKWE,5
QPVNK,5
VHKFIP,6
QMVPRMKWS,9
MMKFWVPK,8
KWTHR,5
MKVQH,5
RMMDWK,6
FVNKR,5
PMKHR,5
MKVFKE,6
MKMMIVAMD,9
NRKLA,5
YGDANS,6
NVFTQ,5
FITWVNY,7
YPFVIIMLIC,10
TFYIWM,6
YITVPFY,7
TVKIQ,5
PFYFI,5
WVYNMF,6
YVWIPM,6
FIVIY,5
YLIWF,5
YFFFIPIYY,9
LFIFY,5
YLVFFMT,7
YTFIY,5
TMFTQY,6
FLIWVPW,7
VYFLIPYIVI,10
TVYFIV,6
YKLITFV,7
YIWTFPRITVVY,12
YIFTW,5
YIFTP,5
VYKLF,5
IYYPWVF,7
TLYVF,5
YFIIF,5
LVYCWV,6
YVIYLF,6
MKKEHK,6
MKGEE,5
KKAKAENEDMQEEE,14
EEAKAEER,8
ESAQE,5
NKPASE,6
KDNAE,5
AREDKESG,8
DSKEPR,6
KHSENAG,7
KMENEE,6
KGEQE,5
WYKVPTIVFW,10
TWIPY,5
ENMFTNYPIYWFY,13
YRPTM,5
VFINQ,5
YFPIP,5
WVTLW,5
NERAR,5
KMMFKLA,7
IHAMMME,7
TKNYQ,5
QNYSNY,6
PTNNN,5
TQPYN,5
SQNNP,5
MNANSN,6
PTFPT,5
RMMAGM,6
PFIVY,5
TCDIQ,5
YKFPKI,6
SFQVC,5
PYSFY,5
YQPIE,5
EEKKD,5
EEEADPKKKPMGEE,14
EAKME,5
EKFFA,5
KKPEP,5
SEMMQEWAEDMA,12
AFDMDEK,7
KMPRMAED,8
APEML,5
EPLKWAE,7
MMAPMMMMVMDMMMWLMVEID,21
EPKWKP,6
EPMKM,5
RMNEVR,6
VFKWP,5
PPKIVKCE,8
MKMHV,5
NRPFIV,6
HIFEPK,6
RPKIV,5
PAKRM,5
MKLWK,5
MFVPMMW,7
WKKPVR,6
QKMMEVRMMGM,11
KKWVPF,6
KWKKLVPM,8
MAGDYQM,7
WAEWPW,6
WVMMGMLMA,9
QEGNK,5
MLPVKMMVFM,10
RMMGAK,6
FLPIV,5
MMKMGM,6
QPVNM,5
RLVFM,5
TWRPP,5
FITVH,5
YEVFW,5
EMAFW,5
MMVKWA,6
YKDAQWV,7
WAPMVE,6
MVNFWV,6
MKCEVF,6
VKWAL,5
LPFYKIV,7
SSARNEAHA,9
ENPDN,5
NAESNNNN,8
TWNEP,5
ESNKA,5
MANEEM,6
ENSPN,5
QGNNVK,6
PVRTK,5
MVKFE,5
KWALA,5
WTEKMWVHMMK,11
VKMMESAMKW,10
PFIVR,5
TWLPV,5
VKWPE,5
MAFPKWE,7
VLFFW,5
VQWVK,5
MLVPE,5
RMAILED,7
AEFWIVSK,8
VTFWW,5
TFWVY,5
INYPY,5
PVNMA,5
PIRWTK,6
RWTVP,5
MKWGM,5
KVTRWP,6
PWNWRR,6
RLFYM,5
MKYIK,5
YSKFPF,6
YKREP,5
KLVFQ,5
MVFFR,5
FWVKE,5
EMVVMW,6
VNEFY,5
VRWTWIY,7
TFWWV,5
YRFIP,5
WTWKK,5
WDPEV,5
SEAEKNAME,9
EPFKD,5
NWEMSMDMCMWVEA,14
DEMHMMAEEER,11
MPKMMVCLE,9
EWPEA,5
KMDEM,5
EMMVFKHM,8
MVKWD,5
MKPEI,5
MLAEVE,6
CEWLC,5
MMEKLA,6
LKWAD,5
PMKWE,5
LKMWAED,7
WEVMMM,6
MLEWVFKMVPHKWV,14
KRKFRKPVRRRQKRRKRRRC,20
RKRRKRRKR,9
RRRKK,5
VPRRKKPPRRKKFRRRNKK,19
RRRNK,5
RRMVK,5
KRKARRRRRRKKK,13
RRRRPRPKKPRCRFKRKRNKT,21
RMPRYRKKVKRIKNKRKRRRRQRRKRRYNKRRKRC,35
RRRKVYRKRRKFNK,14
IRRKSKNRHPKQNKKRVKRKKIKPRPRKRKKKR,33
RVPRKRRFRK,10
RKRVR,5
PRKRKNNKRRRRNKNRRHKKRRRRRNSRR,29
RQKRHKFQRRKKNKRKNAKNGGRP,24
PLKRRRPNRRKVRRRKKRRRPRKRPR,26
RVYKCKKRRKRNKRMVQI,18
RKNRKSRRSRKQRR,14
KRKRKKKRKRRRVFFFFLRYRRRYFKVRNKPRFKIRRFPNRRRRKPRRR,49
RQRRKKHKNPKRKMRRCK,18
RIKRFPWKR,9
PRKRWK,6
PRRFKKINRRRRH,13
KCKRRRRY,8
KRFRKKKKKKCMRKIVQKRKKRPVRKPRRWKKRRRKHNRPRRPRRYPRRR,50
RRRKRR,6
KNKKFRVNRYNKRRKRRFQYNKNR,24
RRYKKRRCVRSIKKKKRCRK,20
RNKKPKRRRRRPKKKRR,17
RKNKRRNRKKPKKKNRKRRRYRKAR,25
RKRHKVRRRKR,11
KRRRFR,6
VRRLKMKCRRRKKKVIIVPRRKKYVRPMRRVKMVHFCKRFPPRRVYGKRR,50
RKKRKNFRVRPNKRKKR,17
KKRRKKYKRRKRRRVRK,17
RRKKRRPNVPQRKKPRHK,18
KRRMNRRK,8
RKRKKRGYGKKFM,13
KPRVRKQKRK,10
KRVNRQPFHQKLNKKRRRRYKRVPNKRQRRRNKHRNKKVRRYFRFKKRP,49
KRRKVKRYMKRRRNKKKNYKRRKRKRK,27
KRRRRPKKPRRQRRRYRPVK,20
RKRRNR,6
RNRRRVHKFRVKKQRRYRKRKFRK,24
RKKCRRCPRRRKRSVRKRPKRK,22
KRRRKNRRRRKKRKKQKRKRR,21
RIPRRC,6
KRRKCKFYRRRRRRVYRKPRRRVRPTKRRGFKRPRKRKRQVRPPVRVRVV,50
RFKPKRKRVYRRCYRCKRKVR,21
RRTKVRRNPVRYRRKPKSFVRC,22
RKFRRKQTHRRVRKKFRRRNRKPKKPRKRVRR,32
KQRNRRQVNYRKKRNKNNK,19
KRVRQKR,7
RVNRRRSPKRKKRPRYRRRRKQYSRVK,27
KRQPRKKRRHKPRRRKFR,18
KHKKKKCRRRRKIVRKRWVRKKKMRMKK,28
RPRFKRRYRRKRKKRSKNRRN,21
KRRKPKHKRK,10
AFKKKYIVRKVPKFRFCHKIVRKRLKKVQKIVNKRFYRRRCRRRKRRKQR,50
RRKRKSNRRVR,11
KFQKRKRRVRKRKNNGKK,18
RRRKVRKKR,9
RRKPRYRRKQRRRRKNKRKKHRRPKKQRR,29
RRKFYRRK,8
RRYKKHYRPVRK,12
RKYKKPRKY,9
RKKRQRSR,8
RCKKRRSKKKRRKNKRYRRCKKK,23
RRNPRKRKQRPRKYRKKVVKRRPPRKCKPFN,31
KIVRKKTRRPKKYRFQRK,18
RKSRRRVRRKRMR,13
RVKFRQPRCKFRKKFR,16
RKRVRNKK,8
KRKYRPRFPHKKH,13
KVKAWVKFKLRLKIRHRRRRPVKVPRRRCRIVKKVRRLV,39
KSVRQRNH,8
RYKKKIHSRRRRKRKRRVKKRRKRIKFFVQFRKNRRRK,38
KRSRRKKRRRRKWKPKKKMRKRKRKRR,27
KARRMGKKRRR,11
KRRKRRRKQRKNKPTKKRRRRRRWKK,26
RQRRVKNHRKNRKKRKPKQKPFPGKNPRPFNRKSRRRRRPFRKKIVYRMV,50
TKFRVKKRRFRRK,13
RRWCKQRPKRKPVPRRKNRRKGWRRRRPRCRRRK,34
RVRQRKNKKRRRRKFRRQRHPRRKKNKRR,29
RCQVRMKRNKKS,12
RTKRRRKVRNN,11
RRKKKRRRRKKRKKRKKMKKRKHKVR,26
RRKFRKLKQKYVKNCKVRRRKFIR,24
KQVPYRRNKR,10
KKCRKKVRYRPFPRRC,16
KWPME,5
EPTKN,5
KMFKEVPI,8
KWVKK,5
AHEES,5
SWTEWK,6
QENNK,5
KNARENE,7
SNAKN,5
RYKWKNTF,8
MKTNTPM,7
RQPVN,5
RQVFW,5
TFNRI,5
VFLQR,5
QRPNSFIV,8
VTIYK,5
RQPRV,5
YVKYTRFQ,8
VQPFRLVR,8
IVYRP,5
FPVQIK,6
QWVYRK,6
FYRPYI,6
WKPYF,5
YKFPI,5
NYQPVPF,7
TLKWYPQ,7
FVYIIP,6
YPMIM,5
PFIINWM,7
FLVYV,5
SWTVY,5
PFWVL,5
VYIPR,5
YILMA,5
WVTMMLQE,8
EMVMMMMMG,9
PVMIKI,6
YKFLPFI,7
YVAFM,5
PLLPVI,6
YRLPV,5
WKVMVKEIPMV,11
VFLYI,5
WFVYRLF,7
QRKGK,5
KMVPW,5
WAKPME,6
KWVPW,5
RLVFK,5
KMMMG,5
PFLIK,5
KRDWKA,6
KMMVR,5
KIKMMGKW,8
MKGERM,6
FLPPWIR,7
KWPHSVFQ,8
PKRKM,5
RLFIP,5
FYRWVPK,7
KARMGM,6
RVKKWP,6
VKWKPM,6
MVKFPLR,7
VMFIR,5
VPKFFIIRM,9
QPVIK,5
WRKPVK,6
WLPVRKWVKFW,11
PKKCIVVPKR,10
IRMYK,5
KLMVE,5
KVLIR,5
RPMMMKM,7
VMKHMWIPK,9
RKKMKMKMMKMMKKM,15
RMEKMRMMK,9
PCKVK,5
RPKIWV,6
VIFRHK,6
FIPKWVPR,8
LFPRC,5
KAPVIFLRM,9
VNEFIFY,7
YFLPI,5
QWPYYIYFS,9
IWVPF,5
MFTVY,5
NTQYNAN,7
NYQST,5
SNTYPQ,6
MAKEGD,6
MVKMM,5
RAEGK,5
YPKIE,5
HWEKNEA,7
INEYYF,6
VNIPQ,5
YPFYYI,6
PVEKK,5
FEPTYI,6
RWVLWA,6
YANKKQM,7
RVNKNES,7
YMPFYAFN,8
KMCMDLW,7
WVEMKM,6
KAWTE,5
WAEMVK,6
TWMVW,5
KECPFL,6
KMMEM,5
WDVKIMMAV,9
WAGKPV,6
MECIH,5
YIEFTV,6
NYARDVCAMMEE,12
MVMKW,5
MWAPVEKD,8
WAEDW,5
MANMMLAELGMM,12
DEEKD,5
KKCEEA,6
KEMVIFWG,8
RCCFEKD,7
QTQQNNVY,8
YTIFY,5
TYYQT,5
TITNY,5
TQYTQNTN,8
TTVYQN,6
TYQLNTNNTQY,11
TYVTYIYQNTF,11
TVYYT,5
TYNITYQNTN,10
VTTYIQ,6
NYQTTYTNPTFT,12
SAQGNNNT,8
TYNTVT,6
NTTNTY,6
TVLNTY,6
YTNYTP,6
NTVTQ,5
TYITYPQ,7
SNQTIYTY,8
TWWLYVLP,8
EAWPM,5
PKYYA,5
VEWFR,5
YKMVKWKL,8
FWVPY,5
MPWVK,5
MKVFC,5
LIFYK,5
YVPFY,5
PMMIM,5
KAYNNK,6
KMMSEM,6
QMLLAVM,7
MVFWAVEMW,9
MVIPF,5
WLPFIVVWWLNYIIV,15
FTMHFVIV,8
FLLIV,5
VFFIQ,5
VALFMIR,7
LCLIVHKVMC,10
VYLFWIR,7
VMKHFL,6
VMLMVAVMMFW,11
MVHAF,5
VFYIK,5
VERMALWV,8
VNYFR,5
LFFFVI,6
MMMGVKLMM,9
VKMLFWV,7
IKMVLM,6
MVFLW,5
PYMKWA,6
EPKKM,5
VEWMIKLFP,9
QSRMGK,6
NAMMK,5
ERDWTAK,7
ESSRVQR,7
QGNSR,5
KQSNKE,6
QVNKR,5
KMANESR,7
QPIYRR,6
RWSVK,5
QEVHK,5
DWEWLA,6
EKEFAPK,7
MLKVFKG,7
FWKWALPYVK,10
MEKWV,5
MKDYM,5
VKLIW,5
VMMMMMG,7
CPAEN,5
RMMEK,5
YKNEFAPAE,9
KQMMGMA,7
EMMVS,5
RKYLKFE,7
LYILVFVYPFV,11
YQPIM,5
FNWIPVN,7
IEFCY,5
YYVIFT,6
KWAEWV,6
RQTINEV,7
IYKVYL,6
VLIWVLVIK,9
LLIVLFFV,8
IYVIMVVF,8
LVIFWVPIIY,10
VCSFWIVLPIV,11
FVFLLICIV,9
VILWV,5
WVFVV,5
LIFLFV,6
FLIVY,5
VLVIFLIQLVYCIFV,15
LVFWV,5
LIILYV,6
YCIVEFIP,8
VLIIFVY,7
IFLIV,5
VLLILMLWLVWLMVVAV,17
LIFWY,5
WVWIVL,6
MVLFIVL,7
WVLFV,5
ILVLWIV,7
VNLFWIM,7
VLIWD,5
MVMWMAVLML,10
VFIWV,5
VLIVFFYAM,9
YIVWKW,6
FFLVIMP,7
LVFWW,5
LLVWILVV,8
LWVFLVIALFWLIVV,15
VYLIL,5
IWTLIVWVFVP,11
IMVLF,5
IFMFLV,6
LIFIV,5
LLALAA,6
LVWLLVALLVC,11
LFVVIVILI,9
IWFIIILYLFFVWYVLLVLIVFYIIYVLPFYVFYIVPLLIIPWIMLFIIW,50
LGIMV,5
VIVEFVCIILIFV,13
IWVLP,5
VYLVVTLRLI,10
VCVWVIW,7
LFIFVVIVVIVLWLVIV,17
LVIFV,5
IVYFIVLV,8
MVFWA,5
FWVPI,5
YVPIM,5
YLFPI,5
WEIFA,5
FYPTMVIP,8
YAMFPIM,7
TVNIIPY,7
VMIFE,5
YFLPI,5
KLVFWM,6
MMEMKWK,7
MAMNMKGK,8
SQEKMVCKD,9
RMGMN,5
AEGKQ,5
CTWPV,5
MPKKVM,6
RKKWE,5
PKMMKWVE,8
ALEFNK,6
YKGKM,5
WMVPK,5
FVPCE,5
SEWQGK,6
QMKMAE,6
WPYVK,5
NMKMD,5
KKLVIPLPM,9
RMKYKGMKGLDE,12
MVMKW,5
QRMKG,5
MPMFRVWKK,9
KQDMK,5
EEKQMMMWAMMK,12
IKWPE,5
YKFPIE,6
MMVFGR,6
KMKKMEE,7
YNPFA,5
PVSFY,5
MPISF,5
PTVYINI,7
NYFPFI,6
TWYIP,5
MMVME,5
AMEECS,6
VLMLPM,6
PFKEV,5
MVRGDKWCEDDEE,13
RMAHMW,6
FFLWIPVPV,9
VMLTW,5
YFLIM,5
YKLFFY,6
VNYFK,5
MPFYIM,6
SLNMV,5
VPMKW,5
RSKGN,5
TMVYI,5
TFEVY,5
YAWTCN,6
YPYTW,5
YAEINPYF,8
FNYPIN,6
NYTWP,5
FNIET,5
MAPKWE,6
PLKII,5
VKWAE,5
VNIPY,5
VYKFTP,6
YKFIEP,6
FWFLP,5
NWFPW,5
LPVKFM,6
YFWIPP,6
IEPKI,5
RPKMKMMKMEMME,13
EPVKM,5
MKMMKMMMKMKMAED,15
WEGKIPY,7
WTIEPK,6
YFWFTVPI,8
VNMMFLF,7
WKLAPVW,7
YAKMMMMG,8
DQNTP,5
TPKQN,5
QNPNNP,6
NTEPTQ,6
HNNPSA,6
YNNGKP,6
NCTPYR,6
MVMMLMVFWK,10
MVFKM,5
RMEMHMAGKLG,11
VEMVFKKW,8
VLFWA,5
WPMLVMVK,8
EKVCDFA,7
ALVWE,5
PKMMMWK,7
KWAMPME,7
MMALW,5
YAEMPFL,7
CTMKE,5
FLYIE,5
YAKDARD,7
MAMMEG,6
MNASEAWERN,10
IYVTPF,6
YMFIV,5
NYFFV,5
TPYIF,5
YAFPIW,6
NENYSP,6
NGNSD,5
WYVPL,5
TFIWVY,6
IEPVYK,6
RAVQL,5
TFIIY,5
TVYWVFWYYRTK,12
YFTPIR,6
WTVYK,5
FPVYRI,6
VYKLW,5
YVFIK,5
LFWQV,5
VLFTP,5
MPMKIC,6
MVYKF,5
RQKMMK,6
IWPHVK,6
MAEPKW,6
YPMVKMLFC,9
VLLFPI,6
IMVEM,5
WILVPYV,7
IFLCVLVLLWV,11
IVYPW,5
LVFIV,5
VCEFPFLVI,9
LMKLV,5
IMVLA,5
WVMAIFL,7
WVMGAMV,7
IEVKL,5
AWVVL,5
LPVFW,5
YMVLIIVLMWPPM,13
VWLWI,5
VLWVW,5
VLWVM,5
YCIIL,5
FMVIIM,6
FLILP,5
VLAWF,5
WVPIF,5
PLILLIVIFIF,11
VMALMMD,7
WVLIWV,6
MDVMLM,6
VKFWIML,7
MLECIVWV,8
LPMVFIC,7
KMLVF,5
VWIYLM,6
MFVIV,5
WLMVIPK,7
FWVPH,5
KALEL,5
KLLIE,5
IVLKWVP,7
WAELVM,6
LVMIKM,6
IPMVLM,6
FLWVPM,6
YKIFL,5
RQVWK,5
KQMPVCR,7
QVNKFR,6
RNMKAM,6
FIYRHK,6
MVFYNKIK,8
WPIVRK,6
AVRQLK,6
RLVMV,5
KQVHK,5
MVHKW,5
SVLFR,5
KFQVHM,6
SRFQVNK,7
YFPIPQKR,8
MVRIK,5
INYKVR,6
EPVWK,5
VNMIE,5
EMFKM,5
PMKWE,5
VLEWFP,6
MVMMKMMMGLEE,12
TQPMK,5
MNPYT,5
YTFWIP,6
NIPYT,5
PKQMN,5
QFGNKA,6
AVRKGNNYAESNSREM,16
ENASNNKN,8
RSANE,5
YNKDA,5
KQNGA,5
PRENNA,6
TWNWKP,6
PWVYK,5
RTWMVPW,7
TRNFQIVYV,9
KVFRM,5
MVMFNKQ,7
RWPVK,5
FWVPM,5
ECCVIFE,7
AMEWD,5
PKFLPR,6
VVIKRLILIPCC,12
PRNMKIVKP,9
QMVHKLNKF,9
RFNVP,5
WSKVK,5
MGKRV,5
RVTKW,5
MVRWK,5
MVRKIN,6
AFRWVYK,7
KWKPVR,6
RQVPCIM,7
ICFNPSRRVYKR,12
YKKIFFR,7
QGRMK,5
PKCAAMEV,8
FIRCVQN,7
MKVHFKWKKPL,11
RPYKK,5
WKVPFR,6
KIHVY,5
QKMIRVM,7
QVKFR,5
MKFFH,5
RQEVK,5
IRFYK,5
VKRNMHM,7
RPVYR,5
RMHMMM,6
RMKNMEMH,8
VKWPE,5
KYAMW,5
EWRKMA,6
VKQMG,5
KTLMRDVM,8
LEMAR,5
VMIFP,5
FYMIP,5
LVFFYI,6
FNVIY,5
YVPIM,5
YFLIV,5
PIYTWK,6
PIYKF,5
TCITW,5
VQPCIY,6
YVIIF,5
VFIIN,5
LIVFFPWVVYIIW,13
VILWIFP,7
MVKLWLM,7
VIIYFFL,7
VNLMIVWVK,9
FLIMM,5
MVFLI,5
MLVFW,5
ILYLFV,6
KVLKF,5
FLIVKI,6
FWVLV,5
LLWVK,5
MVIMVWHM,8
WVYMLR,6
MVFLP,5
LVLIM,5
CVNLWVIFE,9
MMVMMFWLMLWMLWIK,16
VFKIQ,5
YIEFP,5
MLVWV,5
LIVVLIV,7
VQWLLIV,7
VFIFV,5
WVLIVF,6
FLIIPV,6
VVWIF,5
IEDVMIM,7
LWVFIM,6
FLWVAWV,7
WMLVK,5
FVWVVL,6
IKMLMMVPM,9
ITVYL,5
FLIWVP,6
YKLVW,5
YAEFNL,6
VQIPW,5
HFLVI,5
MVMIM,5
IVYFY,5
CVNIE,5
MERAVKW,7
YMEVCKIM,8
VYIFE,5
NFTVQIP,7
TMWPV,5
MMPWA,5
KFAVME,6
IMMEAG,6
PLIVP,5
VKMMM,5
NIPFV,5
YKLVF,5
NMANNG,6
TYKGD,5
YPWTK,5
YTFIP,5
PYVKI,5
WKMVE,5
MDGLIWV,7
FWLNIVPYP,9
WMVKW,5
EVFPM,5
IEMML,5
MTGKMME,7
VFLPI,5
MGMEKA,6
YLIVY,5
FIVVL,5
FLYIFYP,7
VMCIW,5
IFYVVLLFLIV,11
YFPVFI,6
IEMVFY,6
CVHIW,5
MVYKLVWVVM,10
FIFVP,5
VYWTEWMIYCFPV,13
YAWISMV,7
FLYPRFIV,8
WFVIFV,6
IIWVYRE,7
LFITVL,6
YKFLIV,6
IFLVIVWIIIPY,12
LFFTLVVIIITVYYFC,16
YMVFFTMPI,9
VIFVL,5
EARMM,5
RDWAEL,6
RMMKLE,6
YKLIEF,6
PFIYK,5
QKVYA,5
RQPVR,5
RPKKIV,6
RPKYR,5
YAQKRTK,7
RVMKQ,5
NWQAN,5
YRFYK,5
RWNWQPK,7
VQRWNK,6
RTVFQ,5
RTPYVNK,7
RPVRKYK,7
RTVYK,5
RFRWP,5
MNTYRPA,7
YPAPR,5
KQVNR,5
YTFYVIP,7
QVNIY,5
YTYTYFWTPY,10
NTYFY,5
QTYFI,5
TFYTPI,6
TVYFY,5
TVQIY,5
QFNIV,5
YITTY,5
TYRTVYI,7
PYFRT,5
NFTNYYPPYY,10
IFYPVYTE,8
TWPYYS,6
YNFVR,5
KTRYTM,6
RFIVY,5
KYQPVK,6
YFTVYRIYQR,10
YRPKI,5
CFYRIS,6
PQKYIG,6
KNMKA,5
VNFRLN,6
PFTIK,5
PYIMK,5
QVNFYIY,7
SRVKQ,5
QFVYIK,6
YKTWP,5
LYIFY,5
PITYY,5
WVPYK,5
RQVLD,5
NFVYQ,5
MMKMME,6
VLICP,5
ALWFK,5
KFWAPW,6
QNTPV,5
TWNPY,5
YTKWP,5
QNNNTT,6
YVNTPF,6
ANNNN,5
AQTPY,5
ANTVQ,5
NPTRQ,5
NTNYP,5
ARNNH,5
PFIRL,5
PRCKVK,6
WVKPFR,6
KYKHEFYK,8
PFFTVIYRR,9
LVFWK,5
KWVKLR,6
AMMMKW,6
PRFYKMIA,8
MKFFYVR,7
RFMYI,5
MMMKE,5
TVYFQ,5
IPTFFY,6
YTVFYR,6
YTWPYI,6
YPWLPFY,7
FFYVIP,6
PMVMKIM,7
RQMEGM,6
PFQKI,5
PKIYM,5
MVNMCFPFW,9
WPFYK,5
YKFLI,5
PMMMKM,6
WKKPQ,5
VTMPR,5
WKPAE,5
KFYKIE,6
MAKME,5
YMVKP,5
WSKEKW,6
YKFMWA,6
WKMAE,5
MVKWC,5
RWSKVN,6
WKQGHK,6
YPKCFIR,7
RKKVM,5
PVKFFKI,7
FYIPQPV,7
KQPFM,5
YRPTKWK,7
KWFPH,5
MPGIMK,6
KNSKWFH,7
MGVIE,5
YPVWFLMIC,9
VLFWY,5
MSDMMK,6
YVKAM,5
IQPYWV,6
YVDCLIF,7
KKRQM,5
RNRKKM,6
RAMWKKMM,8
MKKRP,5
KNRRF,5
KKPRWK,6
RMKWKMM,7
MKMMGKGNARKMMMRMSEMS,20
KDKPKR,6
KRTGKRKKA,9
MKARNK,6
KRVRMKWK,8
KRKQH,5
KPGQR,5
KFRQPKVN,8
MKTEWR,6
YTVWA,5
PVFLIM,6
NFFLIPVY,8
RIEWMVLMKA,10
VKTEWFI,7
MVMWD,5
YLIPV,5
YFFPMI,6
VTIYR,5
YTFWFY,6
YFYPYV,6
WSKWVN,6
PFVNR,5
PFIKQM,6
VNFTWP,6
TMWQG,5
TFWVY,5
YKLMFIV,7
VQEIFNPY,8
KIEFYQK,7
SKQEWNA,7
RMKQE,5
KWRGAMW,7
QKIYTPK,7
TVFWYVM,7
LVMKIE,6
WLPRM,5
MMMWKE,6
RTMWVP,6
QPVYK,5
MMPMGDMC,8
RMMIVEK,7
HCVMVKMVLLW,11
TFIYR,5
QETYV,5
TIQFYR,6
PTVNRY,6
QYVNYF,6
WYKFY,5
IFNYV,5
FTIYYV,6
VMFIY,5
VWFYPI,6
MWGVM,5
FYTPVR,6
MKMKMMGDAGMEEE,14
KGEEKK,6
PMKKMAE,7
MMEAG,5
HKPMMKKWF,9
MVKMD,5
MKWLE,5
DMMEWKEMGMR,11
MEKDWKLA,8
KVEWA,5
KMMRGM,6
EMMKAHW,7
EGKPM,5
SEMEEKM,7
DFWKD,5
MVMAWDWVMMMMMMMEMKWEEMM,23
KEWPV,5
EMMLV,5
EPFWK,5
MMLEVA,6
KMKAE,5
KMGAE,5
MKMGLA,6
EFWEK,5
WFEPL,5
WAEMPF,6
REKMK,5
MMLFV,5
QMLKE,5
MALGIE,6
EPMFA,5
MMKMG,5
VMKWPA,6
QVWVK,5
KMMMD,5
MMVMLMMG,8
LKMFM,5
RNEMKA,6
MMMAEKVWMGK,11
NPTFQIN,7
WTWVYNPM,8
FTPIY,5
VNYFWM,6
QDEGRTVWMVR,11
MAEEPHK,7
WVTQKM,6
WAMMMGD,7
KCKTLGE,7
KMNVMDMMA,9
LAEWGR,6
EPFIY,5
PYMID,5
FLIWV,5
MVFMVMKW,8
WVLWVI,6
PCYIFL,6
WVPYM,5
VFFLIC,6
YIEFVV,6
MVLCMV,6
WVLFV,5
WVFWLVPI,8
MIMLM,5
WVPFMIM,7
WVIMM,5
WVMPWLF,7
YLIIE,5
EIFLV,5
VKLCAE,6
LAVMVLLW,8
IDECVMMV,8
VLWIMV,6
VLMWV,5
KEFWALMV,8
VKMLW,5
MVLWCW,6
TYFYY,5
TPVNYP,6
LTPFFW,6
KTMEG,5
TWPTYV,6
QTWNN,5
IYFPI,5
YTNFFM,6
YMVKIR,6
AVNQM,5
MGALGM,6
ENFYA,5
LVNWVPR,7
KFYKP,5
ESWKPA,6
MPEVFW,6
MPARM,5
MMAMEWFK,8
KYMKG,5
PRLVF,5
FPKKQ,5
KTWRVN,6
RWNQYPP,7
KIRQH,5
MKVIR,5
MKRYM,5
SRNKVIQP,8
KQWVK,5
KNFTMWK,7
WPKVFIYR,8
VRQIK,5
KWKLPVR,7
SLMKIVFRKNQ,11
MQNARS,6
KFIRY,5
MAEHW,5
KLMMGE,6
FLWVP,5
WAEWVPL,7
VQNFF,5
VWFEWY,6
YMIWF,5
FTPEPV,6
FWEVE,5
ILLPFV,6
PVNMIE,6
WPVKW,5
YIEVF,5
MMWAMEMKGMMD,12
WDERMAGMM,9
PVEKMLQ,7
VKQWDAMMMMM,11
KMMMD,5
MVREM,5
EAWEEPGM,8
WAKEME,6
WKGEE,5
MAMEMEMMMFW,11
MGMMKMM,7
MDWKAHKME,9
KMMGE,5
KMKCAE,6
MMMGEWEA,8
RMKMME,6
AWVKEEMCMFA,11
KWAKPL,6
IYFYR,5
YTPIP,5
PLYFP,5
TQPVN,5
KTWKME,6
KMMGAR,6
GMKNE,5
HASKQ,5
AWRNGEE,7
MIFWVT,6
EFKWA,5
KYSKKAE,7
RVMIP,5
YVWVM,5
VPMKIM,6
YVIFY,5
VFTICVVY,8
IAPYKVKL,8
VFFINK,6
FWVIPY,6
LVYFFYIK,8
CITEVFC,7
IYPFY,5
VQLIYK,6
YVIFF,5
YFSWIV,6
FIVYL,5
YVPIF,5
VQNFLIY,7
MVRTDC,6
YAKFY,5
FINVK,5
WSWVPYIV,8
YVKLWF,6
MEKMGD,6
ENSKAQKGE,9
EKDASREG,8
EPEEA,5
AENNE,5
EEAKNE,6
KKMEMD,6
EEEAEKNKD,9
PKNEAE,6
EANKKGE,7
WEKGAE,6
AGEWNSMEREEKAKD,15
EKDME,5
AEKNDMK,7
AEMMEM,6
MEKPWLF,7
PIMWV,5
KMMLVTEAME,10
MVYIW,5
PFVKIIE,7
KMYMD,5
MFLIYG,6
MMPKIVE,7
VIEPL,5
VRMMWDM,7
IDKME,5
VQRWD,5
MVMMG,5
FWIEPLV,7
IEKFVPMKWA,10
YFVIVIPWMIM,11
MKFLK,5
MMLGMDMK,8
IMKLM,5
MVFKMM,6
MAGMMM,6
MMGKFFLMMM,10
WAEEVKM,7
VKMCFLPHHK,10
KWVAEW,6
RAWMMK,6
WVMPFL,6
IMMEMVVKWM,10
VIMKWKVE,8
RVLIM,5
IYKMPMVWK,9
MPVWKM,6
VKIWK,5
MPVFI,5
WRAMEMMWVMM,11
PMVCKW,6
WPMHK,5
MDMMKWGMMAGVEMLAMVMVK,21
MLEWVMLGA,9
MMEVFR,6
MKVFL,5
MTMCEDWREWMWARE,15
HMANMMMA,8
MWKKM,5
KLPVFR,6
VMMKW,5
PVMIK,5
MPFVKK,6
EASRFMWNK,9
WKEVPF,6
MVMKMM,6
KCVEIKFF,8
FVLIK,5
KIVCRP,6
VPRKW,5
WVLPR,5
MALWVK,6
KIPKVFW,7
KWPAE,5
MAMKW,5
KLVFR,5
MVCFM,5
KFMMGKLKWA,10
QMPMVRLMPIVM,12
TPYQK,5
YTLYFYIVP,9
YLPTVFIFLIIVY,13
YFLYPV,6
YFPQI,5
FYIAT,5
VNYFQ,5
LNIYPFV,7
NIFPLYV,7
YKTLMVWM,8
YKTMV,5
PQYIM,5
TWYAW,5
YFYTP,5
TYTWN,5
PNNTCT,6
TFYYP,5
TNPVNT,6
NPANT,5
PYMKR,5
YFWTPR,6
NQNTFS,6
TTYQYYIIP,9
NVYQN,5
STYQV,5
NTYTQ,5
FTPTIYQ,7
LIVFT,5
CVINYF,6
YVFIIT,6
TFYIYV,6
MVFYI,5
VYWIF,5
YFIPV,5
MWTPFLI,7
VTMIY,5
QLITPYCIVPFYFFY,15
PICMY,5
YFIWTPTL,8
YQTIR,5
FTLIIY,6
VIYFT,5
VTWVYV,6
SNNFY,5
WPMVK,5
MMAMRMG,7
MPVYM,5
RMGMLK,6
KKVFHK,6
KWKKMVK,7
RPRWK,5
AEFKPARFKKKWGKHK,16
KKPRWKCW,8
KKMMIMMKK,9
VPKKRCIM,8
RKTRMMMEAK,10
MKVHMM,6
RPKKR,5
MMVGKKFKKKM,11
KLIFR,5
KMLRAK,6
KIPCR,5
RWKMVKK,7
WKHKIPRVK,9
RKKMCKWG,8
RRMVKWK,7
RMGMM,5
RKWVK,5
RMMKVKMKWLKMKAKMHVR,19
KMERMGKDKRHMKMLHAEMEEMRG,24
KRFLK,5
KRWKM,5
CFRPKII,7
MKMMMGHMA,9
KLHMK,5
KMKGR,5
KKLDIMKEHPR,11
RKLVIFK,7
KKVRIKE,7
MKKWKPHM,8
RMVKWK,6
KVKFIR,6
RKMMFW,6
KHVFM,5
RVKFF,5
MKIKHM,6
RKMVKD,6
WKKLAMR,7
HQKVFFKC,8
YVKDAMCM,8
IKDEME,6
EKKMMMVPKMKME,13
IELVF,5
KLMVF,5
KWPHM,5
NFWVM,5
IEAVWK,6
IPRYK,5
MKLPRKIV,8
PVCFI,5
VPLIR,5
LIHKP,5
MVFLK,5
VKWPMIM,7
WKKVE,5
PMWMK,5
KWALK,5
YKFIE,5
TWVNM,5
SWTWN,5
TWYPK,5
YWPREIK,7
YIAPM,5
VNEFPWPK,8
PFIKKH,6
MEVFIM,6
PKFKIE,6
PRWKIE,6
MVELYIFK,8
KMVFL,5
INEHSFWVK,9
YIVFLPW,7
VFYIPR,6
WWMVEMPVK,9
MVFWK,5
QPVNK,5
YSAEE,5
YNFNY,5
YFYTPN,6
SQTWV,5
QNPVN,5
QMMMSGDEMMM,11
PFIMK,5
WTLWPY,6
FYITQP,6
EVFWK,5
VWMMV,5
VVILLVLLLVIVY,13
MMMLVLMM,8
VYWVLMF,7
VYVLWF,6
CLIVFWVPF,9
CVIWFLPY,8
YLIVF,5
LVKWVF,6
LFWLVYV,7
IIWVFL,6
MVMMILRLMD,10
LFVIIIP,7
VVILLLLVLVVFLVIIMI,18
IMVLIVYL,8
LIFPYIV,7
WVMLILMVVLVMMMLMIVKLWV,22
MVLMLLI,7
VWLIV,5
FVIILYIPI,9
VLWVLFV,7
LMVIHLV,7
FVLWVYVIF,9
FVMIV,5
ILIVYVM,7
LFVWV,5
VIMVFILIV,9
MVFFL,5
VLFIL,5
VLIFL,5
FWVIVR,6
LVILLFFLLIVMV,13
IVYPL,5
LALFVWVIPHLVL,13
LIVVLWVLWVFWV,13
LVIIIFL,7
WVMMVLIMM,9
IFWLIY,6
MVCIML,6
IYFLV,5
MVKWM,5
VILFP,5
VFMIMVMIYPFI,12
VVWIIVFLFYVVLIFLIC,18
LWVIPFL,7
VFLIIFL,7
ILPVLILVWIFIFVPIVVLCVVILIVLVVVIWV,33
IVPLFL,6
LMVWAV,6
YMVLFFWFWVIVVWI,15
VFLIVV,6
FLILCVVIVFLIL,13
WLIPF,5
MKAMELM,7
KEMVR,5
LMWVMAARWWVELGD,15
YKMIVKLMP,9
MLMKFA,6
MGHRMA,6
KHLKEIV,7
PLVMIVK,7
VFWLMIPWV,9
MEMKVFWKEKM,11
KMELMMARMV,10
MMVKMKMKMMMEM,13
VWLMMKMVMAMIW,13
RVKMMMEMA,9
MMALM,5
WVPHV,5
MVKWV,5
DVRMW,5
KVLFD,5
VMMLW,5
KELMVF,6
FMKMM,5
QNNNTN,6
NYQNNN,6
NNTTT,5
NNTNNQ,6
NNNTT,5
NTPTQN,6
NASQN,5
TNPYNT,6
YNTNTN,6
YNTNTYTTYTT,11
NNNNQ,5
NPSNS,5
YNNQQ,5
NYANN,5
NSTNN,5
NQENT,5
NNNSQ,5
KNNNNNNQQSNSAQNS,16
MMMGMEMM,8
MAVFWMAMEMLMEW,14
RVKMD,5
EMAFD,5
IEPWPL,6
HAWMMEGIH,9
EWMMG,5
SRQVN,5
VQYVIFY,7
RQPVI,5
MANFSWW,7
QWMKM,5
MGMFAMGAEWME,12
MCKNEA,6
YMVWF,5
RMVWL,5
MVRWA,5
VMKLFW,6
MMLKWAG,7
MGIMK,5
VEKFI,5
YWTWVFIP,8
YAIMV,5
YKIWV,5
MNYIFYPY,8
FTVIY,5
VTFIFYI,7
FVWVW,5
MMVFI,5
TIYPPT,6
LYFTIC,6
NYFWV,5
VTWCIP,6
TFWVQV,6
YFPQV,5
IETVFW,6
CVINWYK,7
CYCPIV,6
NECNFVFTWVP,11
RMNAT,5
YTFEI,5
PVLMC,5
FLPIY,5
MMKGE,5
FVIWL,5
MVEIL,5
YPIWV,5
IYEYF,5
FVLIPE,6
VYMIE,5
YIVEF,5
LVCMG,5
MVFTL,5
MKVMMWA,7
WEPVK,5
MPVIKW,6
MKMKMMD,7
MANEMKQG,8
RYMMLA,6
RGTKNE,6
KFCIK,5
KKVIMK,6
ERRNYA,6
YVNPF,5
FIFVQYV,7
TVFIY,5
TWTIY,5
PFYAFWY,7
YNTWV,5
YTLVW,5
MPMKWAM,7
KWAPVE,6
KMVLR,5
KPYMMKWVE,9
ELVFFHMM,8
MKYMDG,6
WKMIEPVM,8
VKMIEE,6
TMPVIE,6
VMMKILE,7
NEKIE,5
KEEIDM,6
VYALE,5
VYMIFLM,7
FEQMIM,6
VWAEMMPMIMK,11
VFYKR,5
WTRKNPVP,8
QVYRW,5
WPKNA,5
AREWG,5
PRWTPH,6
YRFPK,5
QPFIV,5
TMKQR,5
PQNKV,5
PNRRQ,5
QPYVK,5
FIPYK,5
MKGRN,5
MCIKLA,6
EFQSK,5
NRMSN,5
VQKNMMMAGM,10
YAILP,5
MNAMGK,6
MNMVR,5
TWPFR,5
WTVHP,5
RFIYA,5
YKFIP,5
ITNPWVR,7
SVFINR,6
SFMIY,5
RVFTW,5
YVKLI,5
VNMIR,5
NFPFV,5
MVYIRK,6
WTWNY,5
RFQVK,5
VQCFIPR,7
YKPKQ,5
YVWGK,5
YKPFIQ,6
NITNYP,6
KLFML,5
MWGEKMV,7
KVFRQE,6
KMKEKFR,7
KIVHK,5
FMCVKWK,7
KLVIFE,6
RLKFT,5
RPVKMKM,7
KPVIVEKKKFWKM,13
KKKIP,5
KFWEKM,6
LVKMML,6
MKWLVGREMKKK,12
MARMFG,6
PWRRV,5
VKKIWLKKE,9
MMKMMMG,7
KPMRM,5
VFMCK,5
KKWVPR,6
MKLKWGMVKMK,11
QSVKE,5
SKQENK,6
YSQPK,5
WLAEN,5
RWMEMKE,7
WAKCE,5
FTVLW,5
MKANE,5
TVNWF,5
AMMFMM,6
GKNDA,5
MAGEMVLL,8
EMEEAWEG,8
AEWVK,5
RDVMM,5
AEMPEMM,7
RYALMVLMWV,10
EMVIVEPEC,9
FLPMI,5
QMPMEFHMK,9
VIVLWF,6
KYAFQLVK,8
ILVFL,5
MLMWI,5
VRWVLT,6
IEVFL,5
CMEMVVIKAIWKWGM,15
YVFIFFVPPFLIPFIIY,17
CFMILV,6
LIFIVPVFLI,10
YLVKIM,6
IMLVVV,6
VKLIF,5
LVWVMMKMLLMEW,13
MVEFW,5
MVEFIPK,7
FLIVP,5
WVFYI,5
ILKLV,5
LVPCFIFVIC,10
VKLIL,5
LFFVWFWV,8
VLFWG,5
MVFWIN,6
ECVIVLW,7
WLVYFW,6
WVEIMG,6
VLIILFM,7
YVLIM,5
PMKLIV,6
VFIMMV,6
MVMIM,5
PIRVRPQ,7
FQVIIKPKR,9
RPKFV,5
KVMMK,5
SRWMKGK,7
SRKFYQ,6
SWQWAFYVPK,10
SFIVYRR,7
HKFFM,5
KKIFYPR,7
WMAGMMMMVMMR,12
TIYTN,5
SYNNT,5
NINTPYQ,7
NANNQ,5
TMLKN,5
RTPYK,5
NYPRTV,6
NPYHY,5
SETQVN,6
ATNYIK,6
SMKNYQE,7
QPVYK,5
RQTPY,5
VFYPR,5
SWEKP,5
KVNINPY,7
QPFVYI,6
NAANEESE,8
AMEMMNT,7
MMMANME,7
MAQEG,5
SFKWEEE,7
ISMWK,5
ARRSVWN,7
QPVKF,5
NMPKQ,5
EMMPW,5
AFVWPWE,7
AIEMK,5
MPHKM,5
KWPEI,5
WTEPK,5
ASWNE,5
MEKMVFM,7
PVMKM,5
KVFME,5
MAEKMVWG,8
MKMMG,5
YTWVPFI,7
WKPAH,5
MRVNAM,6
MKMLG,5
FWVPW,5
KIPYE,5
WAKEPVMF,8
KWVPR,5
RWPYIRP,7
IMVLFP,6
KPVRM,5
VFTRIIP,7
YKPHIRE,7
KFIPKQ,6
AWKLPF,6
MFTILIV,7
NLVIILIVFV,10
VREWVKW,7
WPEFV,5
MVWFW,5
FPMIY,5
VFMIKE,6
IPVMMMIMMKWL,12
VIKLMCIM,8
AFWIR,5
VWLWKLHMIM,10
LMWMVMMALMG,11
ALICVLFW,8
MVMEMMKG,8
EVFKW,5
FLVPKIC,7
MLWVAM,6
FMKWLV,6
MMALMV,6
VMFLI,5
IMVMVKL,7
VELAW,5
MMVMFVKMKWGL,12
FVEIM,5
MVFWV,5
FLYMI,5
FYIPV,5
KKLVYLIMGDAM,12
MVLCF,5
FVLIVVIYV,9
FVIYIT,6
YFIFYV,6
FWPYFKT,7
IFTVYFYWVYIYVIVIFNIV,20
YTFIY,5
YIFLYYPY,8
FTVQWV,6
INFLVIYFFFVPYLTV,16
WTVNIFYINV,10
FYIPL,5
YIPWV,5
FNLYVPIQ,8
FWTPVIMCYIVYIPVWY,17
VFNIM,5
YLFTIT,6
FLWIP,5
ANMMMEMMLA,10
PMKYA,5
IPVYK,5
PSCSW,5
YSFYFW,6
NVRMANDQ,8
MGEKS,5
YVKLIF,6
YFFLWIYP,8
EFMFW,5
QEVMVWK,7
YVRWPFVN,8
FTVLIWV,7
FLPVIIV,7
HFTIIW,6
FYIPA,5
ICYVFFL,7
VKWPR,5
NFLMFI,6
PFIYRV,6
HVLFVIIICV,10
VFYIM,5
VYLWA,5
PVTIFE,6
ALPKW,5
FYIPVR,6
NFYITP,6
NYSIV,5
RMWPVKM,7
MGMMA,5
DMMKA,5
AWMWWGMMMIKKD,13
EEMAD,5
AEDMLQ,6
PKMLIHK,7
MAQMN,5
FLTQP,5
IYIFYV,6
IVFWF,5
VLIFV,5
FVLIH,5
FLIWV,5
LFVMIW,6
IILPL,5
YKLCV,5
IYFLIVMV,8
TVYLWA,6
VLFINV,6
QVYLF,5
YIFVPL,6
LIYVFY,6
LCVIF,5
FVQLIV,6
VWFLIYV,7
VLFIVFYF,8
IPYCL,5
YLYFFVIITPPFI,13
MYVWV,5
LITFIV,6
VFVYI,5
NVIFLY,6
VLIVLIFVFWIV,12
LVIFY,5
YVIVWL,6
FIVVY,5
VHFLIM,6
VVLIW,5
FVIVY,5
ILVFV,5
EFWKK,5
RPPWI,5
KPFYR,5
PVTRNKRWP,9
KLKFP,5
KVPFQR,6
SFYRN,5
KWPHM,5
PMAKWF,6
FIPYWR,6
MKFRVM,6
PAKWE,5
PVCIR,5
KWSVKH,6
KPKMM,5
WKKEPVFR,8
WVPHKMV,7
MMKFKM,6
WKGMA,5
IEKFWA,6
VRWEWK,6
WKFAM,5
KWAGM,5
MKKMDWAGMWLG,12
EIKFH,5
MLGVLAIKKWVM,12
WMVEKFKPA,9
KMMLGMVLA,9
RMKLMK,6
WGMMVKE,7
MVLMMMGFWVK,11
LRMVFKM,7
WLVKV,5
FIPKL,5
MMMVKWG,7
MVMKW,5
MMGLMA,6
MGEMVMAMKMK,11
KWPHF,5
RLMVP,5
ECMVMMK,7
HFIPK,5
EMKMMVMGMK,10
WPPMK,5
MSDEWM,6
ANEEE,5
VMFEIM,6
MWDEMFAHWD,10
YAEFNV,6
WVEDM,5
VKLIF,5
IMKLLVPM,8
VEWPFW,6
EVMMMMKMK,9
MMMGA,5
MMMKVKMGMMAG,12
PMMALM,6
PWMIM,5
KVMPAKWME,9
MEEKMVFMMMA,11
ANNWANRE,8
SKEPFQ,6
SKWAE,5
RQMKASG,7
VKQEFW,6
QMKMGA,6
RVKWE,5
QEMAGK,6
KCAMD,5
EMANK,5
AMKDMNKWVHM,11
KWHAE,5
VFQKC,5
NYFLIEPP,8
VMIEK,5
LFVIY,5
VLFYIPR,7
WPVNK,5
VEIFK,5
PYIIK,5
FVIPE,5
VMWIFV,6
FVQRMM,6
KWPVK,5
CVITYLR,7
FPRLWIV,7
YQPIPYFPP,9
VKLFYVLILFF,11
TMVYFRPL,8
FVNVIQ,6
IPYRWV,6
MEVCFA,6
MLMIV,5
WPMMVEA,7
EMRWMVLG,8
VKWALWFW,8
VKLHIVM,7
LEHVK,5
MDMDECMV,8
WVMKMH,6
MVEKMML,7
PLAFE,5
MWALK,5
MKLKR,5
WVEPHM,6
EAVWVL,6
IPYAWVVIIWLM,12
QEVKMM,6
VKLMALMWE,9
EIPPV,5
MKMELA,6
MMAEMVFW,8
MKLVFFE,7
TWYKP,5
NSAKEE,6
YSKME,5
NAMAGK,6
AMNQK,5
KNQHA,5
YETWFVY,7
WVLFIVPW,8
IMVFLP,6
IFLFMIV,7
VILEFFW,7
MVWWLLIV,8
LFFIIV,6
LMVIVI,6
WPMMIMV,7
IWCLVL,6
MVLIM,5
FMVLI,5
FLVPWIVV,8
ALICVF,6
VIHRMWMMA,9
VFLYIFP,7
VELVWICL,8
LMCVLIVLL,9
MVLWVM,6
MVLFKWA,7
IALLMWVKEMD,11
PCIME,5
VCLIM,5
IERLV,5
RVWDWDMM,8
LIWVIF,6
IFLPV,5
VIFLY,5
VLMCVIE,7
WVPMV,5
YVWIK,5
LIPVLM,6
PVMCIVKLW,9
VYVFLKIL,8
ITFYY,5
VTCVLC,6
PTVYF,5
TCWVK,5
SMKQWE,6
TWKFV,5
RWSFW,5
WFTPR,5
VKFRPKK,7
WPVPK,5
KIPKM,5
RWPVK,5
PRVLW,5
PKVKLR,6
NFLPKIV,7
MPVKFE,6
WPKPR,5
PMKIH,5
MKNMPA,6
PVLRP,5
VKKCE,5
RMMME,5
NANESQ,6
RSVWM,5
EMAAN,5
MPMKMW,6
MVWALKE,7
TPYFYI,6
PYPKV,5
PQYWN,5
YNVQM,5
TWKWG,5
TWWQNKPFYN,10
VFTNWPQW,8
WTVNWF,6
WTFYYWP,7
TKQPY,5
TLFLPYV,7
PVFNQ,5
KAEFN,5
WTVWPY,6
QNLVFP,6
LLFIP,5
CMKWA,5
FPKIEV,6
MVFKWP,6
EFNYVK,6
KEIVF,5
YWAEFW,6
TVYIT,5
YFYFI,5
QPYCFTVWVLFP,12
WVPVM,5
QVFIPYV,7
INYVPYVFC,9
TWVYFK,6
VQKLI,5
YFITV,5
IIEYR,5
PMVIE,5
RLVWV,5
MVCMG,5
MAMMVDW,7
VMMCVIM,7
KVLWL,5
WMVEKLIVK,9
MMMERKALMLM,11
KMGRLV,6
KLAVFW,6
MVLIPM,6
AWMLVHM,7
MVEFWGKKEK,10
AMRMMLM,7
IPVYM,5
MMKKLA,6
IVLFP,5
MVELFWVM,8
VLMWIM,6
MVMGM,5
VMCIK,5
LKIVM,5
GACEIMV,7
VMKFWVQ,7
LFIPH,5
KMLMEME,7
VIMKCLFL,8
FNLIV,5
VMLIM,5
YIETF,5
YTFIY,5
TYPCV,5
WLPMIV,6
PLIIY,5
LYVFFNK,7
RLYCYV,6
YKFIP,5
AEPRKK,6
EMKKE,5
EPKEP,5
REPKKM,6
EKFPKM,6
EEDDMKRMNKK,11
PKEPKEPRP,9
EKKFE,5
RWDEPKP,7
KDAKE,5
KPARE,5
RMPKE,5
KEEPM,5
EAPKMA,6
WDRPK,5
RPKIDMP,7
MPMKKMM,7
MKTELA,6
AKNSE,5
MNSAR,5
KKNEA,5
MGMKD,5
MMKMKLGW,8
RMMNMEMEMMGDM,13
AMKME,5
QKEPGD,6
IYFYRT,6
TWYVMVIP,8
NTPYI,5
STYFNV,6
TWQVY,5
VLFQIPVYVL,10
TVYFIL,6
VNYIE,5
QTFYV,5
FYVYT,5
YIFTIPY,7
FYTLYIT,7
YIFYTF,6
YFPVIIYYTI,10
TFIYY,5
YVFIIF,6
FQIYV,5
FLQYV,5
YTYVF,5
YFTYI,5
VFTLYIIFV,9
TWTIYR,6
HQVSND,6
MKVFEI,6
WVFIMWVV,8
LIMDV,5
FPWIM,5
VLQWV,5
VIWCTLCFFIYV,12
VWAEMK,6
MIPEF,5
RLVFM,5
VMMIHFL,7
ECLIF,5
VWCFIWLLWCLP,12
LVWVFI,6
MVWLC,5
MVRNDWALME,10
LHVAMWV,7
MVMVW,5
FWLVILGM,8
LWVKL,5
VLWPIM,6
WEWDAVEMMLG,11
IWPWY,5
IVFLY,5
FMLVF,5
YKLIVLE,7
MLFMIVE,7
VFLWI,5
RVLMVC,6
LIAVLMVMLMVFLLWIW,17
ILKFLV,6
SKKNME,6
PRPPTKR,7
PQKNK,5
NEPKQ,5
PRPQP,5
KPHRKNKKD,9
PMPWR,5
PRWKEP,6
PGRTEK,6
REPGK,5
PTMPR,5
PRANKE,6
PEPPKK,6
SEKWKKPK,8
QPPKTRE,7
PEPRP,5
PRWPTK,6
VMMALW,6
WSDHDMKM,8
ELVFW,5
VIEPLK,6
IFEVK,5
LVMIW,5
MIPVL,5
MPVLW,5
WVLIMPFV,8
VEMIK,5
EMEEVFW,7
VDLMCW,6
FVMIQK,6
MLGAFW,6
WGMEMV,6
MKMVWP,6
MVKWA,5
KEWIVAMVFEMK,12
WAGEVK,6
MAMMEMD,7
IKLEA,5
WKECA,5
WVMLR,5
VWKMM,5
MGEMGRNMMR,10
KAEWWMVKEWVPMVKKIED,19
MAMWGME,7
KMIDE,5
EMMMGA,6
CTLKWPV,7
RLKVFW,6
WDAGH,5
RKKINKRTVPRRKYRYRPQRRNKNKKRFQRRRRRVYRRRRRKVPKRRKFN,50
RKNNKRRRKNRKRQRRS,17
SRKFRNRRRQRV,12
RVRKFKKIIRRRKNKNVYRR,20
RCKVRLRRRVR,11
RRRNVRKKRKRR,12
RKKNRRRSKHRRRKKRIRR,19
NRMRRYRKRGKRVRFRKQRKKMRRRKNVRRR,31
KKRNQRRRRNK,11
RRKKGRRNKPVRKNHQRRRKKR,22
KRRRNKHKRVK,11
RRNRPYKQNKYKKRRRHSPQRRKPQRAQKRPRYRKKQRMQRTPRRPKNQR,50
RRNKRRKQRCRRHK,14
KVNRRKKFKQKKRSRRQVRMKAKRRKPRKVKNRRRRRRYRRKYNRRRNSQ,50
RRRKHRGRMKRKQRRRKGRKKKK,23
RKRFRRRRKR,10
RKNKRR,6
KRQNSRCRRSRRRRKNKK,18
RIKQGKRNKRKRTKRRKKRRRRRNRVRQKKRRRYRKNNRGNRRNNKRSRK,50
RQSVCGRRKRKQKQNRKNKRRKKRFRRKNKRK,32
KRKRKIRKQCNRHKRRNKKRRKRWRNKKRRKRRNQRRTRRRRNKRHKRR,49
KARKKVKKYNVSKKRRTKFGRRNNRRQK,28
RSKRRRRRRRVRKNVNYRRRRRRSRVKRRRRRKKR,35
RNSRKKRMRSRRKNKRRKK,19
RKRPRKFRCKRVRVRRKRRKQ,21
RKRRKRSRFNKKKRRRKKMPRRRYRK,26
TRRSRRRKRRRKNKRVYRRNK,21
RRGKFKRRRMVRRRKRRRRRRRRRVRRKKKYRRRRKRF,38
KSMRRRRRQKRN,12
KQVKFNRRRHNPRRRRRRRKRRKRVQRK,28
RKQNSQKRHKKKRRNRKNRRQRMHKRRNRQRRHVYRRKTRSKCKQRSHRR,50
KMKRNRKK,8
RKRRNRRKRRK,11
KKRQVRRRHKFKHRRRKM,18
KRNKQRRNNKRRMKKNHNRRNKAKRRNMKKNRRSNRKSK,39
RRKFHRKM,8
KRYKNCKKRVRRQRRVQNRK,20
RQKNRRRRVRRRKHNRRRRKNPKRNNRRKNRRK,33
SKRRKKAKKRRNK,13
ERKRKRNRNRRKRQSRRKNSQNKRRRRKRVVKQRRRHKRR,40
RRNKRKRMRRKRMRRRVKRNMKK,23
RKKRRRRRRYRKKCRKQVR,19
RNSKRRRR,8
RRKRRK,6
SRRKRRRNKKRKQRRRRRRKKVRRRHRRKGFRKRRRRRHKKRNNKFQRVR,50
RQKKHKKRVTGF,12
KRRRRRFVKRNNKKKNRRRRRRQRKRRRRRRKKNRHKRRSRVNQRRKRNK,50
KRSRKRRSRRCKRVRKRRKKFR,22
KSRRRRNKRTRRKNRRMGNKKKRKQRKR,28
RPFKVRVNKRRRYRRRRNRRRYKNKPRRKFK,31
KRRRRRMNKNRRRRKRGKSRKNRRNKRRRRRKRTRQRR,38
KRKSRPRRNKRKKRRRRRVPRRQRRTPRPNKRPKKKRV,38
CRNKRKRRKRRKRRRQKNRSRRRRKYKVRRRKKNRSSRRRRKRFQKRNAN,50
SRKRNK,6
KRYRYKNRRRRVRKRR,16
KRRRKFNRVKRKKNRKSS,18
RRKKRNRRRRR,11
KARQGRYRKRRRKRRRYKKNR,21
RYKVRKNKPRFRR,13
KRKYSRRKKRRKKRNKRNQRRKRKSRRRRRKKK,33
RNKQKKKRRKRRSKK,15
RNKRRYKTKQRKRKRR,16
RTSRRKNKRKRVR,13
QRRNKKQCPRRKPQKKNPSKHRRRKKKKRKRRKYRNRTNNRSNSKKNKNK,50
RKQRHKRGNKK,11
RKNSRFKYRKRRKRRRRGRNRRCKRRRSRKPRQNKRKKRRRRKRVNKRKY,50
MHKRKKRRR,9
RRRCRVYSNKKKRRRKK,17
RKNRRKKR,8
KRYRKRKRRNRRK,13
RKNRRKRGRNQRRKNKNKRRRRKKKKNSRKKSRKKKKRARRRRKSRQKK,49
RRRKSRKKRRRRKRQRRNNRCKRTG,25
RKKVRQRKKNKRKKRNRHHSRRNKK,25
KRFNRRQNRKRINQRRVGPRRRKNRRRQKKRYKKNRTNPPFKNPRKRRRP,50
KRKRRNVRRRRRR,13
SKQRRRRKNHSK,12
RSRKFRRRKYKRKKKRRFRRRYRRRKRRVRAR,32
KKFNRRCKRRVQRRKNKNRYKRRKPRR,27
KRRKKMRRKR,10
KKRRRRRKKNYRRRRAKRRKKRRK,24
KRNRQPQKNRKV,12
NKKRYFHQRFYKRKKPNKRRPKRRRYFNRRKRRRPKNKKRPYRRRKPKRN,50
KRSRRKRHVFRKPKRQKRSRRYKNRR,26
KRRNRRKKRRRK,12
RNKRRRRRVSKFRQRRRVRRVKQK,24
KRSRRKKKQQRVSRRRVGFRRQRKNFRKNKRRRR,34
KFRRRGRKNRSKKRRRRQVKPRRKYRRRK,29
RRKRGRKRRRRNKKNSKKRK,20
VRVRKKCRRMNRFRKKVRYRKKRRVKVRVFRC,32
RRKRASKMRRQKNRVKRTRRRRQVRRNRRNRGRSRQHKVRGK,42
KRRPRRKNSKK,11
KRRRRVRRKQKNKSRRRRRRRKKKR,25
RRKRRKMRVKSKRKRKRKKRFRKRRKRRNRHNK,33
KEAENAM,7
KWVHM,5
KWGMMAEVS,9
WKAAE,5
EKMGM,5
MPVKCE,6
MPMKMM,6
EYAMSN,6
AKNAGEEEEEKSE,13
MVAMRMMMGMMVVMLM,16
IMMAL,5
YFWIP,5
WWMALVHK,8
MLLIVF,6
KLVEIM,6
MAMVKWMC,8
YLVKW,5
MVMLMD,6
KVWALEIVM,9
MMGAM,5
KWIMVAE,7
PMLVKM,6
KLVFMM,6
MRDMVMMMM,9
MIKLDWVKK,9
MVKWM,5
MKWVPM,6
WIMLP,5
LWKIVV,6
MPVVKW,6
MVKMCLFLW,9
MVLFW,5
VWWTE,5
IEPVW,5
VLFWI,5
VECAW,5
LWFPIVK,7
MVFMWK,6
PPTRQ,5
IYPRMV,6
PWFLTAP,7
MPMMKWL,7
PLVFYPIIPR,10
NWWPRV,6
PKMIM,5
PYIRPP,6
RTWWVPPLYIPPFNYPIYPPFIPPIPP,27
YWTWVPF,7
LPFWIYVP,8
FFPIIT,6
PVPWI,5
PKKFL,5
YWPRPFLV,8
PRPWWL,6
FPYPII,6
FPIYK,5
PVFTWI,6
LFPMWPPWPI,10
PFLMPK,6
PYAIP,5
PPKIV,5
WPKKIEKV,8
MMLFA,5
LPYVIMEIKPV,11
MIEKMVFP,8
LALIPKVMFWKL,12
PFIKM,5
PVLIMM,6
MPFIK,5
LVIWVP,6
VLKFIP,6
YPVKL,5
FWVIM,5
MEKVFM,6
VMKLM,5
WMAMG,5
MVPMQKI,7
MEKFM,5
LPFVW,5
MEVFWALPVKW,11
MPMMMM,6
IEKWV,5
WMVKVE,6
FWPVKE,6
FLPHV,5
WMHVFM,6
KLAVWCEW,8
IEMLMVK,7
IPFVTV,6
FTHIY,5
SWTWFVY,7
WTEMA,5
WNKPA,5
AMQEK,5
AKENK,5
PKWVK,5
HVPKW,5
HPFIK,5
FMKPY,5
PRVYK,5
YCKRV,5
MVCNPF,6
TWWPW,5
MEKMVFV,7
MMVKMMCMLK,10
MAMGMM,6
MPVIAMKM,8
KWVEE,5
YKFPI,5
VDIYM,5
VIFLW,5
YKLIV,5
IKLVF,5
QMMWVK,6
MMKFE,5
YVKLF,5
PSFIVY,6
HKLIVM,6
YAWGM,5
MVINYA,6
IEPKL,5
FYPEIM,6
YIMVM,5
HCVFW,5
WTCPYV,6
NYAWV,5
SNNTM,5
TWYNK,5
SWNAM,5
QNSRM,5
NEMKA,5
YAMFPW,6
PVKIE,5
PHIKN,5
SNLFTYY,7
NESNFS,6
TFINYQ,6
VINEFYP,7
YIFVP,5
IPTCV,5
YFLIP,5
QEVNK,5
ANSTMPRYK,9
TWYNP,5
YLWVPF,6
KFVYQ,5
YRLFI,5
YVFPI,5
TVMYFIY,7
FNLIY,5
EDMVWMA,7
EPKIV,5
WAEEWVM,7
YRTPF,5
YFYIV,5
EFVYK,5
YFTIP,5
YTWPMI,6
NYTFIY,6
EWEMK,5
KMEVHF,6
RMKWMVEKE,9
PEIKCLPFFIY,11
PHFWV,5
RKIPM,5
MGMKM,5
RWPVE,5
YIWPLPVR,8
KRWVEKP,7
VWPYK,5
PKWFMA,6
KLMVFR,6
RYAAEKMG,8
KWFRPVDVEPK,11
WNMVK,5
RVFSMM,6
PVMKFQM,7
NWTPR,5
PCNIR,5
PVYKR,5
YPKMLIM,7
VQKIY,5
PAPRTL,6
FWPVR,5
MVKQM,5
PVFKKI,6
NPFVR,5
MRGTE,5
PVTRYC,6
MSMNMAFGK,9
KSFLR,5
KLVFK,5
RPFIK,5
KRVKQ,5
KPMVR,5
VYKIK,5
MPKEIR,6
IYKKFLPR,8
NRMKPV,6
RPFQIK,6
PFRKI,5
KWMPHK,6
MNRGMM,6
KWTEKPVR,8
QMPVKNR,7
YKFTKP,6
YKFIF,5
MNMMKARNL,9
PVRKNR,6
WPVRM,5
KVFTMKWGR,9
SRIQR,5
KQRVG,5
MVFHK,5
KKYVKWK,7
SPVFR,5
WPVYIK,6
NSRRV,5
KFQIVYK,7
NSVRTM,6
RGDRMRQG,8
IRKQM,5
FSIKFKY,7
VNKFR,5
MKVFMKM,7
KEMFA,5
MWTYV,5
YVWKP,5
AWEGVKL,7
WVKLIE,6
WPVFW,5
MPMLMCKW,8
YALMPM,6
MKVFE,5
FIEPM,5
YVMMPF,6
FIRVYY,6
TVQWPY,6
TLYVW,5
VFTMM,5
NNSAQ,5
NNNNNPNST,9
NNPQT,5
NNQGSN,6
NYTNN,5
NNANN,5
TQNPN,5
PGNTQ,5
QIVPM,5
FLPVI,5
MVIIF,5
VILIM,5
IEFSK,5
FLVIY,5
KMHEDAK,7
EEEKDAD,7
WEGNEEK,7
ESDAMMK,7
SGEEFA,6
MEMGD,5
EANKD,5
GEKKE,5
MKLGAFEE,8
MEDKAER,7
YFYYV,5
TVNIYVN,7
TQVNL,5
YTPVP,5
NTFQWY,6
YNISTFWYTPIT,12
NYFTW,5
VNFTLIY,7
QNVNS,5
TQINY,5
SYNTV,5
TYFYY,5
NTYST,5
EFYYIK,6
PVYWK,5
SQWNP,5
YTGFIM,6
FIIPY,5
KVFIW,5
VFPKI,5
MKMEM,5
VNIFP,5
WTLKFW,6
MVHMK,5
MMVLW,5
VNFFIQ,6
MYIFP,5
VMNWVLYF,8
YTCIP,5
FWTIPY,6
MVYFYK,6
VMKIWP,6
VFPIYIYTY,9
ASRMN,5
KMAFWVE,7
WPANK,5
KEFIP,5
QPVYK,5
NYCFV,5
ITYKP,5
PIETF,5
KVFTE,5
MAEDME,6
MKGMVE,6
HERKGDWA,8
MMAMVEEW,8
VEKWQHK,7
RMTMGVEW,8
KWLAM,5
RWTWKPVYR,9
PQKIV,5
PKKFPFKI,8
PKIMR,5
VKHWF,5
FRWVPT,6
IMKFPYR,7
QCRPKW,6
PIKFQRP,7
WKVQH,5
WQKKVFM,7
VKMEA,5
VEFWP,5
MMMEVN,6
MVMKQW,6
AVEMLF,6
AMEFELK,7
KMQAM,5
PRWTK,5
RVFWK,5
RPKCV,5
IHSNFWM,7
QMVKK,5
YWFPIVR,7
YKCIR,5
MPMKF,5
VIKIPYRM,8
KYPKM,5
RWPVM,5
KMVFAEMGHM,10
IIPYK,5
KMVFMKW,7
VKNWVKE,7
KMPWG,5
PCKIKW,6
KFYPRE,6
PLRNPIFV,8
KLKKPW,6
WFNYRPV,7
RWPKIVK,7
MPMLKFFR,8
FVIPKR,6
KMKCLWVPMVMIV,13
PTWREPP,7
QENNA,5
VNETPSQ,7
KQGDQ,5
KNNSQT,6
YKIDR,5
FPFIY,5
VQWNPF,6
YKFTIP,6
MMGKM,5
MKMWVKME,8
KLEAEW,6
RMVKMMMMVFWLM,13
MMMLG,5
MALPFED,7
MVKEM,5
IEPVM,5
TINYKNPS,8
DANNN,5
KFVNQHY,7
YKPPIT,6
AGRMR,5
MTNRKP,6
TFYTP,5
SRKNM,5
ITWPW,5
NFLMIPV,7
MMMMK,5
RGKYRRKNKRKRKARRRR,18
KRRRVV,6
KNRRPVRYKYRKKKKR,16
KRQRRKRVKFWHKRRRRKR,19
KSRNRRRSHRKK,12
RRKRAVCKTKRKQKSR,16
KNRLRRRRKVRPKKFQKR,18
KQRVKRGATKRNR,13
RRKKK,5
RRKQRKSKKHKRRRRRKKKF,20
RVNSQRRKRKKNRRKKYRRRNK,22
IKKFKKRR,8
RKQMHPNRRK,10
PRRVRWKPKPKKRPRNRQRKK,21
SRKVRRKRKKRRRRRFHLQVYFKKQK,26
RRYRKKFKRKQR,12
RFVRNKRKYRR,11
RKKWKRRRKKRRR,13
RNKRKRRRRR,10
RKRRHLMRWSNKCK,14
KNHRRRRNKNVPRKRQRR,18
RKRQVR,6
RKRMKRR,7
KQRPRKRVRQG,11
KKRLVQKHVPKRRFYKYRCKVRVYKNPRCKFRFRRRFVPRV,41
RCKRVRKKI,9
RNKRKRRRRR,10
MRRPRRGKKFRRNRVLRFRRKPPRQRRQRFLRNKRKPHKF,40
RRKRKANKRRRTRHR,15
RKNNKRK,7
RRKKKNRKPRCR,12
KRRRKRRKKKRNRRK,15
RKHRKRVRK,9
SRRKRR,6
RSKRRRQGR,9
KRFKRRQVNNKRKKRQRRQRR,21
RKRRNM,6
RYKRKARKRHKQVVKRKKNR,20
RVKQRKKKF,9
RFKRQVRFK,9
RSRFRKKQRCKYKNKRR,17
RKQPKRRRRPNPPRRRK,17
RRRRVYKKKQRKPKINRR,18
RGKSRRKRKKRKRRRRYQRQRR,22
KRYKQPRPVRR,11
ARKCQPKVFYKIRRRKPRPRRRPRRSKRPPKRRTRRRKRVPRCPRRRRKN,50
RRRKKKRKRFKVPVPKKIRRKKRRKFRKFKYRKPVRRRFRIRC,43
RKKRKRRKRRKKRKKK,16
SRKIRKKKNHKRKRRNRVRKKRPNKRPK,28
KRNKRFR,7
RQSKR,5
RRYRRKKNKRKKR,13
RKRRKPRRRRKRRKRKRRRKQVR,23
KRRKIVKNRRFKYKRTRQRPRIYK,24
KRRKNVLRKQRPR,13
KRKKKIKKFRCVVRRRCKR,19
RFIPKRCKRVRVFRRRVVRKVELYSHKRRKRKNRIYKFQVVCKIRRRPRR,50
IPRRRRRKKKVRFPVRRIIVRCVRFRHKKRYKKKHK,36
RKKRRFNRNRYRRPK,15
KRRRKKRQ,8
RKRRYVVR,8
RTRKFNWNKKRRRT,14
RQKVRKRRMRRKNKPYRRRKRRRRRKKRC,29
RKNSRRRQK,9
RIRKKKRVYKQRRHKRFKHKRRVRSKRK,28
RPRNRKKR,8
YKRRRRKQRHKIVKRRRKRVR,21
KRRRMKPKRR,10
RNRRKMRMRRRMK,13
RVKNHRFRRKRSNS,14
KRVRKNRR,8
RRKVYKKPRR,10
KYCKVRRKKNKIQ,13
RRRNKPKRKFSGSKRRRRQ,19
RKRRRRNK,8
RRKFKPFKRRRKIKRRRPRRRPRRCKFRVRPVKYQKRRVPKR,42
RRQKRRRKNKKRRWKRNKRK,20
KRRKRKQKRRRKPRK,15
RRKRFQRKVRRPKKSRRKCKYRKKRRRKIKRRPVKIRPVF,40
KRYRMCK,7
RNKRCKK,7
RKFRFRNNIRRRRYRVPQFQKNVKCFRFRPTPRK,34
RKQRRPKKRKN,11
IRPVRRYRKQVGKRVKFKVTRKKPKNPQRPRRRYPQHYIRKRKN,44
KNVPQFVRRRRRN,13
KMRKRKNRRRPKKRH,15
KVNRRRRRKKQK,12
RKIVRKRRPRFRCKKKVHKFPRRKRKRRRRRWRKP,35
YPQKNKS,7
NAMNS,5
WMKAE,5
MNMMKA,6
LVPWA,5
DKAMECE,7
HMVFL,5
PIMKYVK,7
WEKAA,5
WAEPFW,6
WVIMM,5
IPYFW,5
VMIYFFWFV,9
VMMMLMAML,9
RPFIV,5
YVKFWA,6
YVIPKW,6
FWLWIY,6
VRYTI,5
FLQVF,5
QMVLMVWK,8
WMKAMLVMEEMFMVKD,16
IEPVK,5
MMGEK,5
MMKFWEED,8
EDMMW,5
EFMIV,5
MVKWD,5
LMVMMMD,7
LEDAFW,6
WEREEMM,7
MVEWPM,6
MEGKA,5
WEPVK,5
MMEDMMVHMAAMIMC,15
EWAMDEHK,8
KLMMVF,6
EMVKMFMM,8
WDCKAL,6
VKLFE,5
MVWMPLFWAML,11
MMVMFMMMMEEWWG,14
EMMVFM,6
WERPLVPIVFW,11
MMMMMGM,7
MVKMMMMVEWGM,12
LRQPYVPIVMKYKI,14
KVNRLA,6
MGKRYMRK,8
MWTPK,5
KFVYRP,6
FPVRINK,7
RSFYK,5
RPFVYKNM,8
KVFKWA,6
RQPVF,5
RKKKMG,6
MIRRP,5
KVQRW,5
MKVFR,5
RKMVW,5
KIMVRP,6
RWTPYK,6
KVWPTLR,7
KWPVR,5
MKMDM,5
EWKGMA,6
RMEEA,5
RMAEDMMWG,9
MVKME,5
WAMMED,6
MMAGE,5
MKFGM,5
YAKCME,6
KMMMEK,6
HMERD,5
WLPVKMD,7
KMDVLPE,7
MMGGMIEE,8
MEVKDARLMG,10
KWGMPMVE,8
RDMMM,5
YNPFP,5
YPFTP,5
YTCFI,5
NTVQWVN,7
QEWVK,5
MKEWM,5
DMPKW,5
VEFIPF,6
VPMWM,5
MVWGKW,6
YAFLW,5
PMAWL,5
WEPVK,5
MVFMM,5
KMLHPA,6
KPFIM,5
PKRFQ,5
RKPFW,5
KMVFK,5
MPVMKWR,7
PKKIW,5
KLAEHP,6
RMVKWKMAG,9
MPVIFC,6
KMCPKKP,7
IPVFLIR,7
KPKKI,5
PMVKKMIWKM,10
WKPKK,5
PKIRK,5
RPKIM,5
RPKMIMKK,8
PWKKK,5
QPRKPKFPK,9
PYKVPFR,7
KLVFKMKWA,9
AWKAPMHWKE,10
APVRKCMPK,9
VKPFR,5
KRWPK,5
KEFIVK,6
EQDMK,5
KWAEE,5
MAMMEKW,7
RVKEE,5
KWPVMA,6
KMVFEWGKE,9
WMAAMMELIW,10
MKVPA,5
IEVFMK,6
MKMMLALG,8
KMMDWGMM,8
KMGLKAEWKDLA,12
RMKMLKMM,8
KWAPME,6
MMKMDE,6
MPKWA,5
RMMAKMEYLAFEMEEGR,17
MKDLHV,6
PEMVIPK,7
MAEWMERK,8
WKWAEEHMKPV,11
EGMKMM,6
VKMMW,5
RMVPFKWAR,9
MAMMEMLVKMKH,12
MVMGK,5
KWKEP,5
MVKIME,6
AEMNER,6
KYMRMD,6
KWAWMVEM,8
WKIAYK,6
RHQVNK,6
KTIFP,5
HKSRFQM,7
QPVFMWINK,9
NHFNR,5
RLFPV,5
KPARWC,6
IRPYK,5
FQFLI,5
KRYMA,5
FWYRPYVPPK,10
RPVFR,5
SRMVQK,6
PFRKIIT,7
RVYSKIF,7
MKFGIR,6
QFYIPVKPR,9
PRPYR,5
VKFQEPR,7
MKVFMGMR,8
VFIKWQ,6
YIRFPK,6
KNSRMMR,7
VSQRKKW,7
RLPYIRVWK,9
TIQYV,5
TWTIY,5
KAYSK,5
QMNPF,5
LKQEA,5
KVEQH,5
CVFWV,5
YLFIV,5
LVCIVC,6
YIFTVPI,7
VLFYIFIV,8
YIFLFIIFILYIIFYVIFVIPFLVVIPVVVP,31
MVLIFQV,7
VFYLIIFY,8
VQCVLIM,7
YFYIV,5
WVFVI,5
YMVIF,5
KVIIVFY,7
VYIIF,5
IVFLLIIPYICIVIL,15
LVIIF,5
MVIFL,5
VIVFYVLQ,8
FVIVWVP,7
FLVIM,5
TFMMY,5
IFFVPIICVFIFLYV,15
YVLWVL,6
IVYILF,6
TVLVIIVF,8
TVYLLIWV,8
LVIVM,5
VEFWP,5
AYEWLD,6
QEDMVW,6
KMMGA,5
EVFKKEE,7
AEWMPK,6
ASMNK,5
QSVGK,5
MTWYVR,6
ENPSHQR,7
MARMKNN,7
QAEMR,5
VQRNP,5
WAEMEMVMVF,10
RIMLM,5
MKLPVF,6
MGMMLMA,7
LMAMMWVK,8
FMIPE,5
MEAEGM,6
EIMALE,6
RMMMLK,6
PHKKKW,6
ECKMKW,6
RVKMMKWM,8
PKIHRP,6
VKQWR,5
MMKWA,5
RPKMM,5
MKAER,5
VPFQKKI,7
MKEKV,5
MKVKWKE,7
MPVKWK,6
MVKKWR,6
KMKFWA,6
HMPVKWK,7
EKFKEVVE,8
HWELAPA,7
WFPAMDL,7
CPEMI,5
PWEWEKKEKP,10
RPKWKK,6
RVNPMKQMA,9
RMVPKIM,7
KKTFY,5
RWQPVK,6
PRFKK,5
MVKIR,5
VKFRL,5
MVYMKFW,7
SMNFRV,6
WKKKQE,6
KNFQVYRPK,9
PVQKR,5
QPYRP,5
VYKMC,5
ERWNA,5
NQPYFYA,7
PFIVYK,6
MVEGKQ,6
IQEVFK,6
SLIWTFYVP,9
AFQMN,5
YRPFPI,6
YKEFW,5
YIWPEPK,7
RYPFWP,6
PVNIY,5
FLIPY,5
QPTWFIP,7
YNPIK,5
YKINA,5
PRFPWYR,7
WTLGAM,6
PRTWVKN,7
WEPLKPAN,8
VNFKQPM,7
PMMKFL,6
MAMPMMKMEM,10
KMEDM,5
YFLVIFY,7
TTVYFI,6
QCSVN,5
YAIFTP,6
SNYFIT,6
YTIYFP,6
QNTYPFY,7
TFVIY,5
FVYTLV,6
YQPFIT,6
STYLIWFVY,9
YTFII,5
YIFYTRVYVTVCIYTV,16
FPRYLITIW,9
NMVQMC,6
TFYYR,5
YTKFIM,6
MKNFWM,6
VIFLN,5
PVMIKKL,7
LFPVI,5
MPKWA,5
RLWPF,5
MMAMVFWL,8
VPIMKC,6
PMMKFW,6
MVMIM,5
VKCFW,5
YVFPMIMIMLMM,12
YFTPM,5
FIPYR,5
KWEVFVK,7
WPMIK,5
IERHPKK,7
RWPKMV,6
PVENWVKAQ,9
VKEFW,5
WPVPW,5
WIKKA,5
PLMWK,5
VQWPPLKIMR,10
IVMLWFPPL,9
AVWMMMLMMPE,11
VCLKIF,6
RWVPM,5
FLPVWV,6
KEALF,5
MWVKH,5
FEPIV,5
PFEIL,5
RAEDN,5
PCIWE,5
LIYFTE,6
QPVGM,5
IPMHK,5
MRVWSK,6
MAMMKGMERE,10
MVYKKMGM,8
RPPFW,5
RRKMKKAGK,9
KIVYK,5
KQNNY,5
NWVYQP,6
PFIKY,5
IIVTWTCYP,9
MKWGA,5
YAPFY,5
YTKFWV,6
PMVFG,5
MVMMMG,6
TMAHM,5
ESNNPSQ,7
QNPNY,5
QFTIY,5
WNYQP,5
TWSFYT,6
YQTFVINFY,9
PFMIKM,6
VMPIM,5
FTPKIVY,7
MYKNFQ,6
MTVYC,5
NYVPR,5
QNRFTPYN,8
TFYVP,5
PIVQR,5
QPFVYR,6
NYCIFP,6
YSKFR,5
PKFIII,6
IPTCV,5
CVINR,5
TWKWR,5
MKMMK,5
KFFIE,5
QPIMK,5
PYFFIK,6
RTFYIP,6
QVDWTM,6
QYFIP,5
VYIFY,5
QITWY,5
YINPF,5
NYYTF,5
YTWPF,5
KFNEE,5
YKEHVFD,7
DMWPR,5
EKMEVEAPM,9
QAEDM,5
VEFKW,5
WEPIAM,6
YFEPV,5
VWEEPL,6
AEWKWP,6
MSKQEE,6
MVKWPFL,7
PVFEMIK,7
YMDLW,5
MVKMWKMPM,9
MEEEKAD,7
KLIRM,5
MMVKW,5
WMKKLA,6
WKKMHMIPVVK,11
KWVKPHK,7
KMMKWGM,7
KLPVC,5
KFKIQ,5
RMKLK,5
QLVKKWKM,8
MRKMVFMIPKK,11
KFIEKLVRVKC,11
KPIIEKKKM,9
YCKIR,5
MRVPCI,6
MKWVP,5
MFVGKL,6
MKWVKA,6
VFLIIL,6
KMMEMFAKHMV,11
MKVFR,5
PKMHC,5
RKFLP,5
RVEMWK,6
FLVIPR,6
RPKIM,5
KFVVCK,6
KIPYR,5
YPKQR,5
HVFWT,5
QNMAG,5
AFPKKI,6
WKPYA,5
QMMSN,5
KLKVFE,6
EFIPE,5
MAMLN,5
PWCVE,5
DVKCEWE,7
NTLWPY,6
QPVNV,5
VKQTEIWR,8
YIVPFY,6
PYRVL,5
PKIVN,5
RKVYA,5
IYPYK,5
NPTMYPWY,8
YTPCF,5
FEVFIC,6
VYKFQMIFNV,10
YFNPI,5
YFPVE,5
RSKFIMKKH,9
PRRKQM,6
NPRRQKS,7
QREGRRNK,8
MANKSAR,7
KMARNK,6
RARNK,5
KFKNRPRRTSYRQRWVN,17
KQKYSRRNRP,10
SRNKQK,6
RKNRKVPKI,9
KNNESAR,7
QKNRHKNR,8
NKPRF,5
RRMKQ,5
YKNKPRQKPRK,11
MKRNK,5
QPKRK,5
KRSRHKNRA,9
KSPKRQR,7
RRKQNKR,7
KRKQNK,6
RNKMHMMRN,9
MRKFHS,6
RNKPR,5
KNMTKKMASKMRVRGNK,17
SKRDQMREKGR,11
KRNFSKSQE,9
KNSKR,5
KYRRPIR,7
VPKWE,5
ITMVW,5
MVFSE,5
MMGAE,5
KTWVMER,7
MKIEE,5
MVLFFW,6
NSLWKAWRG,9
MKMVALMEDE,10
YAEIM,5
EFYPW,5
PMIVY,5
AMEEWV,6
KEIVK,5
WPVFE,5
MVEFD,5
YKEWIPV,7
STVFE,5
YWVIV,5
YPFTII,6
NEPFW,5
MMKEMA,6
AQMGR,5
PYFIM,5
VTMWMK,6
VKWCQ,5
KIEVF,5
YTMVIWAWP,9
YFLVP,5
QIVLFY,6
RWMVYM,6
CVYIL,5
WFWLVP,6
MVYFM,5
VKFVIL,6
WVEVMFW,7
MVIKFL,6
YFTPM,5
PYITK,5
AEMMK,5
KVMRMVMKWK,10
KHKNR,5
LVRFR,5
RTKQWRPVK,9
KFRVP,5
MARWTNK,7
RVMMKNMMMK,10
KFRVR,5
KINARMQVPF,10
RWFPV,5
RKWVK,5
RWKPIVK,7
PRKQMK,6
QERKKMKGR,9
RPFVPKKMI,9
PRTWP,5
RWTEPK,6
NRMVM,5
QPVQR,5
KWPTWK,6
ENKPF,5
WKEFVPK,7
PKIVM,5
RPWTV,5
KMMVFH,6
YKWPIPA,7
PRTKY,5
NTLPRP,6
PRYKI,5
YYTQWYVYPQPQ,12
TNYIV,5
TFYSIPNRFYTYRY,14
YFCVN,5
TNYFYAN,7
TCVYP,5
YFTVN,5
TQVNYF,6
LQTVIYNFVY,10
TYVIYP,6
TFIYV,5
FLPTI,5
YKMIF,5
YQPVNR,6
YKTWV,5
NPIYR,5
WVTWPR,6
PQTVYCY,7
YFYPFV,6
WVPVKIW,7
WVIVPFYV,8
TVFKLWW,7
MVLALIK,7
ILYFLV,6
WVLWA,5
MMIVMVK,7
KLAWA,5
DLIVWLMWIV,10
LIYIF,5
PIMVLC,6
MVKVLLMEWHMWVFW,15
IMVLIKEPYVV,11
IEKVF,5
KLMWVA,6
FLVKWV,6
MVIWFLM,7
IPCVFKW,7
VCFLW,5
MVYIKL,6
VMVLIFWVK,9
VLLMWVIFWVIFV,13
MVMMKWVK,8
IRLMPV,6
IVLLF,5
CLPVFKMAI,9
MVIMK,5
AELILMVM,8
RWNAKQE,7
QFYTPI,6
VKNIF,5
CTIFW,5
SFINY,5
FWTVNVM,7
VQPFL,5
YKPFL,5
WHMVP,5
KWPVK,5
MKLFPE,6
MAPMKMW,7
MKMKMDAMMGM,11
YKPFW,5
PMAEWFKM,8
IPWVYVPF,8
WVPMM,5
YFLIK,5
MVFMW,5
VKEMWPRE,8
FLPIYPK,7
MMKMEV,6
VQRMG,5
ESMLW,5
EMKDV,5
MVMMKW,6
DYMLCADMLV,10
PLIVM,5
MPMVW,5
WVAMM,5
MVMIMLMMKW,10
FLFPV,5
KWPEV,5
GMMMVPEE,8
QLVMIM,6
WTMKE,5
FVIYM,5
MAVMMMEW,8
MEKWA,5
MMVLM,5
YFLIM,5
IEPEWVFFFR,10
VNWPF,5
TMPYFY,6
TFWSW,5
FSVIQ,5
KMKMAGA,7
VNKPFF,6
YKVIFWA,7
QEVKWK,6
PRFLPV,6
PYKFI,5
YKTFW,5
FWTYPRW,7
YHVKM,5
EKMVF,5
RKMMKEWD,8
MSKWE,5
PMEKF,5
AMEEFW,6
MAGKNE,6
IEMVM,5
YKMIP,5
RGKQD,5
RYREYA,6
MKAGE,5
MEASAA,6
MKMVFWG,7
KIVFLK,6
YAKKD,5
TEWRAK,6
RINWKGVR,8
MKFRV,5
KPFIK,5
RWYMARKK,8
MATRLMRNM,9
PVNIRP,6
RPKTLR,6
YPAINKIR,8
VFEKITRKWK,10
NFVRM,5
KAVQLHR,7
FEKWK,5
RQKLVN,6
KWVPR,5
VKCFIP,6
VRWFKP,6
WRMMLMK,7
YTIRPP,6
NPSNNAT,7
NYNNS,5
NSNNS,5
YSNNT,5
QNNTS,5
NNNNNNN,7
PNNQTNNNNT,10
NQNNT,5
NSQNQP,6
TYNNNNNS,8
NNNNNN,6
NNNSIS,6
NNTPN,5
NNNNQ,5
NNNKS,5
NNNNAQNNSN,10
QNYNS,5
NNEKSA,6
NNNNYN,6
NNSNS,5
SNNNQQN,7
ENNNNSG,7
NTPNQ,5
NNNTS,5
NNTASSQNN,9
NNYNS,5
MMKMMM,6
MPKMGM,6
PWKNM,5
PLMKI,5
NEFYTW,6
VNFIY,5
YMYIP,5
QTVYI,5
TVYII,5
FTVYQ,5
NTFIYVN,7
YIVKQ,5
FYQPPVCNIVPYYFYTLT,18
FIYVR,5
YVITR,5
YQFIVT,6
CTIIYFFI,8
VNIYQ,5
TVYKIW,6
FYYVNIRFY,9
MVLMFFL,7
EFNIY,5
VYKIF,5
YLIIM,5
YALWV,5
MVKIFE,6
TWLIIWLWVIWPYMYVFVP,19
YVEFA,5
RYLVAIWDW,9
MVYIM,5
MMVLM,5
PKIAM,5
MKWKLPV,7
IKPKME,6
KPMKK,5
MAMYKPFP,8
AKQHE,5
KPKKM,5
RPKMM,5
MEAKMKR,7
RWATME,6
WPKDM,5
RPKIE,5
YMPFIK,6
MPMKM,5
WREVKW,6
YKPFI,5
VFYPR,5
WPFIVYKVRV,10
PYLKKIPPK,9
RWKKDE,6
QPPVYCK,7
PWVKMI,6
WQYPPWPKIVYFYRP,15
VLKIR,5
RLKIV,5
KWAPF,5
WKAGMM,6
PFWIKE,6
MPWVK,5
KWVKFE,6
IRETCVFK,8
VQSFNE,6
MLANK,5
WVEFE,5
IKMALME,7
MAGMVLM,7
FTLIY,5
ETWDIPY,7
NYCTV,5
VFNEPFW,7
RVTLH,5
LAFSY,5
PFVYY,5
QVYFW,5
EFIVNR,6
PFVIY,5
VFEWYK,6
KMDRWVPK,8
SRVFNW,6
KWNPR,5
RMKCVPK,7
PRLPRV,6
RMKVP,5
KLAVW,5
MKWVK,5
FIYVTARLWVPQKIC,15
WKMPMVKEC,9
FRVYM,5
PRMVKM,6
VKIKFKHW,8
RWPVK,5
QKMMG,5
IPVFYKFC,8
KLIRVK,6
MVRKWG,6
RPFYKNVKVK,10
VCIYRL,6
IPVFR,5
KMVFP,5
WPYLR,5
KLAPMFW,7
RPFIKKC,7
GIIKRPL,7
MVFLLK,6
FFPVQIKIYRV,11
MPKFV,5
MVKRL,5
IFPRVYKC,8
PKIYM,5
LVKMGKIP,8
RLVFW,5
MLKWAFVPK,9
MKVFFM,6
IRLPVC,6
VKWKKLIP,8
EKFKR,5
VFRIP,5
PMVMKKIM,8
KYARMGD,7
KWVTE,5
LMWVK,5
WMLMVLMMVMWEFFL,15
IVYVLF,6
WVFLIMIV,8
IMLYV,5
IYLVVLIIIFMVLPFLVL,18
VLIWL,5
VMMWVW,6
VIFLPMI,7
MVLWVILWCI,10
VLIWLL,6
IFPILYM,7
MVLWL,5
WDVMC,5
VFIVL,5
FLVVCIIM,8
MVLIM,5
LVFIY,5
YIIWV,5
VLLIIVVC,8
VIMVIYVHILIVFILVL,17
FVLIM,5
FVWVG,5
IFWIVYIP,8
VLWAW,5
IMTLEMVVWAGM,12
YMWVM,5
LMMVF,5
PTRWVWP,7
KQRVNK,6
TKWNPF,6
QRVMS,5
LQVNQR,6
NRWKP,5
RTKCVWP,7
SRVYK,5
QGNSVR,6
KMEER,5
RAMER,5
KTMMK,5
RVMKWIR,7
MKTGD,5
EVMCFAVLMVWIMM,14
CVPRT,5
KWTFK,5
IFPIY,5
WSLAIC,6
IELVIF,6
MMPYV,5
IFPYPVPYTVI,11
FVIWVNY,7
VILYV,5
RVIIF,5
VEMAMFWL,8
LAFIV,5
VEWLIN,6
VTWWWPWC,8
IMVKW,5
LVYFTW,6
PFVIM,5
VTLFMIWYIWVL,12
WTEPW,5
YTWFV,5
YKTIWV,6
ITWPY,5
FIYTP,5
TREDFS,6
PHFIYK,6
EPWVF,5
MKKME,5
RMMKM,5
KMMKM,5
RPVWK,5
KRLMV,5
MARMRMVHWM,10
MPFKRY,6
KWNKKA,6
VMKFWK,6
RWHKM,5
RKLVFF,6
KFYVPIVRR,9
IPTYKC,6
PKFIYR,6
MMKSR,5
IPYRPRKC,8
SVREMVKQR,9
RWPWVRVFK,9
RVWKKP,6
RIKKN,5
RMKMFK,6
YKKVMA,6
WPRTVPIK,8
ACMKMFA,7
PRCNNCK,7
VSKWHK,6
PFRVYR,6
WKVKK,5
KWKML,5
MKFLNK,6
LKHRP,5
RSKQV,5
PFRVNK,6
RVKWVP,6
MSFRFM,6
HQRPQVNK,8
PFVIYRK,7
PVKQRKI,7
VEWEPFW,7
EYVEIM,6
KMMAE,5
YEDVIE,6
MPLVWVEIA,9
MKAFEEELEEG,11
CVLEPF,6
EKFAE,5
WKPHVKMM,8
DASREWSKEEK,11
EYGNDAK,7
AESEMMK,7
NWWPYN,6
FYYVPFQ,7
YARNK,5
TCPYI,5
LTVFIN,6
VYLWFWV,7
YVKLIE,6
MVLFM,5
VFNYL,5
WTVMM,5
RPVYKMIE,8
VPQILW,6
ITWWPVL,7
LMVKWGM,7
PVFIY,5
VKIWM,5
MVFIM,5
RFWEIVK,7
VWLPVLW,7
LSMKWA,6
RPKEIW,6
YIWTFPIV,8
YKFTLIM,7
QVIWPY,6
YIYVF,5
TCFIVYFT,8
YTVWPI,6
VFVFT,5
NIYTEPFFII,10
VNMFPM,6
FYIMP,5
NFIYT,5
SNMMR,5
FNTPVR,6
RYKPVKID,8
VHPFIQPK,8
IQPPPM,6
PRKPP,5
PKCRP,5
PRPPRP,6
PREKA,5
PRKKI,5
PRKPR,5
PRPRPRKP,8
LPPPQPP,7
PREPEPPKPPKKR,13
PRPKP,5
PPRPKPPKKPK,11
SPRPPR,6
QPPPRKP,7
PKAREP,6
PQPKKP,6
PRRPKP,6
PRPPK,5
PREPPPQPRP,10
PKQRPPPLRPPIPRP,15
RPKPKEP,7
PRPPPQ,6
PRPPKP,6
PIPPRPRVPK,10
PRQPRP,6
PRPPRPPPPPPPPRPRRPKPRPPPPPRPPP,30
PWKKP,5
NPWPV,5
WVPML,5
IKLPPY,6
MMVAFRMEDA,10
WVLMMK,6
WVMIF,5
VWCMVIM,7
YILVW,5
MVKWLM,6
IVMMKLMVFWML,12
ILVFYV,6
WAEMVVMDDLVM,12
WFWVILWVPV,10
PVKFI,5
FLPIM,5
WVIEL,5
PCLMVFI,7
MFYVPLIIWVV,11
HLVMWIMPV,9
IVLKF,5
VRWVEM,6
WVKWLMVPVLMI,12
VKQMMMGM,8
IPVFLM,6
FLVMIW,6
VMGMLIE,7
KFYLIV,6
IEFPYM,6
VLYLKWVPF,9
WMMIEK,6
MKMMWLV,7
WTWPL,5
VLFWIH,6
MVIFIWVL,8
LVMMM,5
MLVKW,5
YFVPAIYT,8
VIIPY,5
VTWVYFNYR,9
VQKLI,5
YVINYV,6
YVWIF,5
CVLFT,5
MVYFI,5
VNPFLYPYF,9
LFSIW,5
YKDIVR,6
TFVYIYRV,8
CTVNY,5
YFFTI,5
TMIYI,5
TCVIIIFY,8
YIMVFFYP,8
TYVFFYIYI,9
VYKVL,5
YTFIM,5
WTWYVNFPY,9
PRVYRKQ,7
KQTWRRK,7
QEMRR,5
IPKRC,5
PRQVYK,6
KKLRVPK,7
INPRP,5
RPKIYR,6
RQVNPP,6
KFYRP,5
RSKWN,5
RQPKW,5
RKYTQWVKP,9
RWPAFVKK,8
SFRKHMVQR,9
KQVNR,5
MENMK,5
KEWPVM,6
MMKMMMVFAFA,11
QEVKM,5
KPGME,5
MGMKV,5
KMPKI,5
IKPFR,5
KIVFW,5
VEKFFKWPR,9
WPRMVP,6
RWKPHM,6
FPICIIVLC,9
KCVFQ,5
KIMPVKWVKL,10
KWPVK,5
RRPKCFL,7
FPKIHR,6
PRVKI,5
KIPVL,5
MKVFKIP,7
LPIIR,5
WQKVPR,6
KMKMMGMMVFMK,12
WKVPPF,6
KWPMIKK,7
RWPKW,5
YKIVKHF,7
PEKKKR,6
PRPQCFRP,8
FIPRKKKLIVERRVR,15
AFLKWR,6
VPKLCR,6
KMMMK,5
KFYMIR,6
MCKVLPHR,8
FRPPKI,6
IPRLKR,6
RPKFY,5
KWPVK,5
KMVKWVK,7
KKFHVIP,7
AMPKIMVMKKCFR,13
KHPMGMM,7
PMIRK,5
KLIVKWKE,8
AVGWVKKMLM,10
VMKWA,5
YTFIYVY,7
PLFIY,5
YFLWYV,6
YKVFV,5
VYIEW,5
IQPYFY,6
TWLYRFY,7
YIVYPFY,7
YFYPIVFL,8
VIYFT,5
YCTIFW,6
YFPVI,5
VYFTW,5
ITWVYWVYV,9
VFTCIV,6
VNFLIT,6
ITYWVPF,7
YIVYCFWP,8
WTFVY,5
FYITV,5
VYMIFNIWV,9
RTPYV,5
QPRWN,5
FKVPIYI,7
NPPFYAPPRP,10
QRPYK,5
RFPTW,5
PIRTR,5
KQPVN,5
PIVYFK,6
SFQPKIV,7
PIIFTP,6
WKPYVK,6
HQKVP,5
PTPRQ,5
MVPIKL,6
RSFIVP,6
PRYVKQ,6
PRYKW,5
MDYSE,5
YPFYI,5
YLWVT,5
WTVYR,5
YFYIP,5
YFYIPIY,7
PWYKYTMIW,9
TVTPIY,6
TWYYILP,7
STYFV,5
STWWLQFPY,9
NSFVQ,5
YMVFLFTT,8
YTFIYP,6
VYTLQ,5
PFYKQ,5
NAMTMKGEM,9
WTEGDKVKE,9
VEMIKCMKM,9
LPMVKMMA,8
MVEEWM,6
PMKWM,5
AMPMVWM,7
RVEWKM,6
MLKMKKVMM,9
MKWVKE,6
MEVFM,5
MKLVPAFW,8
MMGHMKKWK,9
MMVKMWWD,8
MVKIMDE,7
MVMKM,5
REVKMKMAE,9
FEPIW,5
WMAEVFKM,8
VMKLMC,6
KMMMD,5
WVECLK,6
LNIPVIM,7
MLAFGI,6
PFMWA,5
IPMLMKE,7
MKMMVPE,7
YTPWV,5
MNWPVS,6
YIVIFFY,7
TFYIY,5
FIVYV,5
FIYPTFVLYYIWFY,14
TLIVF,5
VYFYYIV,7
ITWVTVYFY,9
YFVKLIFV,8
FTFVIFYILYVYYVQ,15
VNLIT,5
YFLIV,5
VYLIDRV,7
VIFWV,5
YIVVIFVTF,9
LFIYV,5
TFWVYT,6
VIYTF,5
IPYFIV,6
FTYIW,5
YTFIYI,6
VFLIQVYFQIYIY,13
VYIKV,5
HIVFL,5
VTLFY,5
PYTVIYYIFLTF,12
YVLITIVFYIYTIFY,15
YVIIPY,6
YFVTIPY,7
MMVWK,5
EMVFE,5
WRANME,6
NYMIVLWVK,9
VKEWFW,6
MVWEE,5
DYMWA,5
VNTWF,5
YSNFWP,6
YTMCIF,6
NFLQPVY,7
SWTWE,5
YPFIIT,6
TPFIY,5
TTWLWCPY,8
NPTYY,5
NLFTPR,6
SNFHQ,5
YPYFY,5
FLYIPML,7
PLFLY,5
MVMKWMC,7
YALPKI,6
WPYFK,5
PRWSFIVYI,9
FIPYI,5
KLMIV,5
VEFKWT,6
PVIMKK,6
IMALV,5
TVYIM,5
INYFP,5
MNMPA,5
RNMAE,5
HKKWFP,6
NLFPV,5
PYFYI,5
NYMQAK,6
MVFSAPYPKIQ,11
YTFIR,5
NTYSQ,5
QPVKA,5
NTFCVTY,7
QNYVNF,6
VINEF,5
FNTIY,5
HFPIYV,6
IEFYPFW,7
VMLFW,5
PVYKF,5
PMKIME,6
LIVLWVF,7
YKFIE,5
WVLMP,5
ECVMV,5
RNYMH,5
SHWNE,5
MAEES,5
MGAMM,5
NMPFV,5
KPMKW,5
KQPVE,5
KMMMK,5
PFIMW,5
KMDMRMMHM,9
TNVQC,5
YTYYQYF,7
YPYFY,5
SFYIQ,5
NPFTIY,6
FVTQP,5
TQNIY,5
YNANQNSANK,10
TMYAQNGNA,9
TFIYK,5
WPTVFL,6
CTYNVF,6
NWPYRP,6
SVLFNIR,7
EDAMKKD,7
KLMAMMVMMEM,11
KFWEED,6
EAMPKWGEM,9
ALKDCKWDME,10
KLAKD,5
MEKWA,5
KMMGKMM,7
MKIDE,5
HAMEEDMMKD,10
KEWKD,5
MKMMGKMAE,9
EMKMGM,6
WCMVEK,6
EKLGAMVFW,9
EEMMK,5
SKKDEE,6
AEKMFE,6
WDEHKAE,7
PVKKMIE,7
RWPTP,5
WPVKE,5
YFWIPW,6
MKWPA,5
MEGAS,5
VNEQMA,6
QGEGDELQDE,10
KECVFW,6
VNRWP,5
YAMMLV,6
YAWGK,5
MGKMKS,6
YAWKKWP,7
VLMWVIK,7
QVWKEFIV,8
KEHIVFK,7
VKIFM,5
IMMKLM,6
YVKILC,6
FYHIV,5
YFWRPVR,7
IIVFK,5
VKMWM,5
WKVPF,5
KIVECM,6
VYIFLYVP,8
LVFFR,5
FWMIK,5
FMIVY,5
MELKVMAVMMR,11
RWVWPF,6
MKRAWVWM,8
CFLPW,5
MFPMW,5
YFIFIPWV,8
MLMGVLMVIMK,11
WLITVK,6
YRGMAL,6
VFWPV,5
MTKQG,5
VNSHKF,6
KQPIYR,6
TRYQP,5
KNVTPQ,6
QKNAR,5
TVFYR,5
VFREWPISFFIYR,13
TWWVTW,6
PTIIY,5
VNEQITF,7
WLFDYIP,7
QEPFI,5
PHIWE,5
TWEPR,5
MVFKW,5
FVINPRT,7
AEMLFW,6
RAEDVWE,7
KMLVFWP,7
YKIDLR,6
DWIWLPMVLMLWMPM,15
VEIDMK,6
MMMLVK,6
MKLVC,5
RVLKE,5
EAFWVK,6
MVMCMMLW,8
MVEEMWAMEDDMMLWA,16
MVMDWLH,7
VMRMEM,6
PLVKIME,7
DEMMM,5
VEMMMKW,7
KLMMD,5
WEVPM,5
MMMVME,6
TNWYN,5
YVQNT,5
TYNQYTIWTNFYY,13
MMVRQRAM,8
KMTMME,6
EPSWSREK,8
PMIVFW,6
SWFQP,5
WTFVPM,6
MMNAPGE,7
FEVVW,5
MKMCD,5
KWLMPVKH,8
WGVTE,5
KWAPE,5
MMMADK,6
MAELG,5
WEVPMM,6
YWPMVMMMIDE,11
EFWPM,5
MAEMK,5
EAFWPM,6
EMHMKA,6
RWKMM,5
YIEFY,5
NAMEWVM,7
MKWAE,5
KVFKEE,6
KQEEE,5
WAEFPK,6
MMMDMRHW,8
EPVKKIM,7
HKWAFP,6
EMKMR,5
EVMMALF,7
MIEKMKKMM,9
KWAEPM,6
KDEER,5
EFKPMV,6
MVPMMMCKL,9
KCEHK,5
AEDWG,5
AMMEG,5
RMKMMMEAEMD,11
DAMMED,6
MKMGA,5
EWEGMA,6
RKELCAE,7
MAEGM,5
PTFIVV,6
YTMFV,5
MKVHMWM,7
SFLAWQ,6
YVPFIT,6
PVIYC,5
YKIFP,5
QSFIVN,6
YFLIP,5
YFTVI,5
NSQPKE,6
PENTP,5
PKANE,5
AWNLQ,5
ARNQEG,6
NPTRPTY,7
IYPFF,5
FLPVIWVY,8
VLTVFVIYIWYKFT,14
YLIFT,5
VEWVYTLFA,9
YFPII,5
YFFIV,5
WIFVTPWL,8
VFITP,5
YKFIP,5
TVQYK,5
VNMFF,5
FYPVI,5
PVYKNM,6
VKLFP,5
DHRMAM,6
KVQIF,5
WMANS,5
VNESK,5
YKVIF,5
VFEWIP,6
LPMLA,5
WDMIPE,6
WEPKL,5
MLPVFL,6
VRMEWDAL,8
VIMILF,6
MMLPV,5
PWLMI,5
WAPEVKE,7
SKWNA,5
RPKFFV,6
TCQPN,5
IKQNPRE,7
EQTWY,5
NNSRA,5
NTCTPTY,7
NMQTV,5
TNYFYPQ,7
NINTT,5
TYSFN,5
SEPHE,5
KPEAE,5
EPSKK,5
PPEHMP,6
TINPVQ,6
MMAEVWKWCG,10
IEPVRW,6
KAGEEK,6
KLVCK,5
LWKVPA,6
PMIMV,5
RPKKFWVRM,9
KLAHFW,6
RKWPA,5
YKVLKP,6
QPVNYIK,7
SFPWT,5
SWPIY,5
VTWNR,5
IYPRP,5
YPNWFK,6
PRWSE,5
SEWNA,5
QPVNF,5
RYAEDD,6
MKFNE,5
RMMKDA,6
MNMKG,5
PGVYKF,6
MPKMD,5
DWPKE,5
ALMPE,5
AVQLR,5
MKIPE,5
VFKIF,5
YIEFVYK,7
YKLFW,5
TWWVPVM,7
IVKLR,5
IYKFW,5
YVQFIY,6
YVIYKLFRTLIFVPF,15
YVYPIFYV,8
CTMVF,5
YVRAL,5
TVFTLYI,7
TVKIWWY,7
FYWPV,5
IYFYP,5
WVYPI,5
YAFWV,5
IVYMPFYII,9
VPKLEI,6
IEVKLF,6
WVPKML,6
WWLPV,5
VIEKVKLFM,9
VWKME,5
WAEVCWCFWVL,11
LKWVEWA,7
HVWIKLM,7
IEMIFPM,7
MMMEVMMG,8
VCMEKWA,7
IMMVPV,6
MVPMMMM,7
MVLFWIPLMKE,11
MVMDMMAMMG,10
MVECLM,6
YIALM,5
EMVMIMM,7
MMKFE,5
MAVWKD,6
IKLPM,5
DMCWR,5
TVNYS,5
TFYYN,5
NNTQT,5
NNTYT,5
NNNPQN,6
NTNNNNTQT,9
QNPGNNSATYYT,12
NYNNT,5
NTNYPSY,7
TMNIW,5
YKEPLFY,7
TFLFIYPTY,9
RMGMK,5
KWSAEE,6
RMMEAED,7
WAEPR,5
KMEKMGMLGK,10
RDMHWV,6
KWAEMP,6
VCKWFWLP,8
VMALMFW,7
MMLGEE,6
MMMGK,5
MARWHE,6
DCQMAEVFVWLMLMV,15
VRMWVK,6
MKVKWE,6
RMELKVD,7
MDLFM,5
KLMVFAEM,8
MMKPVD,6
MVMFLI,6
MAMML,5
IWMMK,5
VNLFWAP,7
MMEMK,5
VKWMHME,7
WEKMM,5
AMMMELG,7
MMWEARM,7
EVFKW,5
MPVFKWK,7
LEVIF,5
MMEGV,5
FTVIY,5
WTVYK,5
FWIYHKP,7
PFIKKIVR,8
YKFPMI,6
RLVPK,5
MVEKFLKWVK,10
FMPFIIY,7
FVPKIR,6
MVKWR,5
FPKIR,5
YKPFR,5
RPYGL,5
VMFMIP,6
VLKPF,5
PKIIYMRPKK,10
LKVKKWK,7
RWVPF,5
VMKCKILF,8
RPKFVM,6
WPIPRRPWM,9
PFIIIKYR,8
FIPRKL,6
VFWMHK,6
RWSWNIM,7
PVAFRWKK,8
PVYKINR,7
MVLFFK,6
MVCKFE,6
VPQKMR,6
LWPFIKILPVPYPFITVHRLPIWRP,25
KAPGLVR,7
FWVPHIK,7
VMKPFW,6
WMVMK,5
PFLKKKIIWKC,11
FMIMKK,6
MVKLMMMVR,9
PVCIKRYR,8
SKEEG,5
AQWKERKPG,9
KAESKE,6
ANKESHFN,8
RKMKE,5
ASEWKK,6
RNKAE,5
KMRKWM,6
EANKK,5
ERVKM,5
MMKASE,6
EITPFE,6
EAFWK,5
EMKGA,5
MVKME,5
KMEMIFD,7
EKLEMV,6
MKMVMMKM,8
VKWRPKMEWD,10
MMKHMD,6
MAGEMM,6
EKVFMK,6
MKWEE,5
KMRNMAE,7
AEFKPE,6
AMMEWMC,7
MVRWKMDKKV,10
EKKHMP,6
EMMMAKFWK,9
MKMMKIEEGA,10
MMKWVEA,7
RPWEW,5
WAEPW,5
MKMGK,5
KEMMV,5
MKRGMEM,7
WAWDPMHMVIK,11
EMALG,5
WVNEFT,6
PTITWP,6
YKGKNA,6
SITWE,5
TVQWENYF,8
WTFPM,5
MMVWKGD,7
MMKMGD,6
VMKWM,5
MMAEEMMFWGVK,12
ALRWP,5
AWEHKP,6
KWAGEVK,7
FNVWA,5
FMVLIP,6
PWEMLVK,7
PMVFQ,5
VQMEFW,6
SWNEPR,6
EPNLEIP,7
PCEIE,5
EEIPE,5
EETYF,5
EPEIE,5
WIEPEE,6
EFEPVIYE,8
EPIDE,5
CEAVE,5
EPYAIDE,7
PIEENEWVDEPVTFTNV,17
EPYETIE,7
DPETYA,6
NAKNN,5
QSNAS,5
HSNND,5
WAEVKKWF,8
MKMMGLA,7
QNANSS,6
QNPYNT,6
NNPST,5
NNTPS,5
NENQSN,6
QNNNTAS,7
NNTNQG,6
KWEFP,5
MPMMV,5
VLIFY,5
YVWIV,5
LNPVFFI,7
FVVYTIV,7
ILVYFIVLIYTVIV,14
IWVVYPFPIYV,11
FWIVP,5
YVFLIC,6
FVIYV,5
CVLIFY,6
FVIFMIVL,8
NYALIV,6
VIPLYF,6
KLVIF,5
WVLFWVIVL,9
IFWVP,5
IFPVIIY,7
YALWVW,6
MVYIV,5
YLVHFIM,7
VIYKLFY,7
MVWIM,5
YALLFI,6
FTVIYC,6
VEKFPR,6
PRKKCFV,7
KMMKKMMK,8
PMKWKR,6
KVFKW,5
WKPVM,5
IKNRC,5
RMMVGMKAK,9
VYKWP,5
MFTIRN,6
MPFQWI,6
QMVPMKW,7
VIKEW,5
INEKAMN,7
MKSNK,5
YIKFP,5
WNFPIV,6
VYAIKL,6
RVLKMW,6
VMMAMLF,7
MVIPE,5
ARDWVK,6
PIMVYM,6
PVYIW,5
VIEFWP,6
MEVFM,5
MWVPE,5
ELVFW,5
MMMEGMTMDAW,11
QPVKQ,5
SWKNE,5
MKNMA,5
YQPNK,5
RYKNK,5
SRVFQG,6
RVFNK,5
FVQVR,5
FYNPR,5
FFYIRK,6
PFIKK,5
NITPYR,6
AEKEMWVE,8
INTLF,5
YFNIT,5
NTLQPYWIY,9
TRQNMGK,7
VIFVYL,6
VMLIM,5
IEVMVRM,7
IMEMVHK,7
VFEIV,5
VMAETRMVLMEGVCF,15
VILWVM,6
FRIVLV,6
MAVMMGM,7
VWLIHMM,7
WVMLMVM,7
IPLIV,5
FVLIMC,6
LMGVLE,6
MVLFW,5
FIWVPYW,7
MVLIM,5
IMGDVLL,7
MLMCIKEA,8
IMGKLPHVM,9
FMPMLKW,7
VWMIM,5
LMLDRMMVM,9
YVMLLGLLWIFVAIV,15
WMMVFLVV,8
HWMLV,5
YIKMV,5
VMWVMLKLMVLMIMIVVCIMLWVCGAKLIV,30
YMVDEFP,7
AKEDE,5
EKANDSKE,8
ERDKN,5
EKENSE,6
NDASEKKAKNE,11
ENEHKNA,7
EEKDNS,6
EEWKAKQEEDKGEK,14
KHEENK,6
KKKENEEESSAND,13
KNAEEQKKGD,10
RGKTEM,6
WSGAKKDESN,10
RKEGE,5
EKGSA,5
KGAKEED,7
KNAEMEEHAEMNSGK,15
HKQEK,5
ESKDKGK,7
EKAEKED,7
EGQKD,5
MAEEK,5
YNFPI,5
EPFKW,5
PFNIYY,6
YNFVP,5
IPYFL,5
IEWKV,5
KWVPM,5
YAMVW,5
VLFYI,5
FLPIY,5
VINLFVY,7
TVYAR,5
QPYIE,5
YKLFFV,6
YFWIV,5
YFYIPFWV,8
RVHQWITFY,9
MDVWLMIILK,10
FLWVP,5
WMGVALM,7
EPVFW,5
CMLVMVMKLIM,11
ACLWIEW,7
MKLKW,5
LVHWPIV,7
VFLPV,5
IMPKLM,6
YKLFMIPE,8
VKLVW,5
WVMIP,5
WVMWVM,6
VPLIVM,6
KVMGKMEIMIM,11
KLCVF,5
WMEMMKA,7
VLKWVCKWLLIP,12
WPMMMV,6
MVECLAVILM,10
MYVDIPM,7
LMLMG,5
YKFFMI,6
LMWVMIK,7
FWVPV,5
PAWWL,5
EWGEPKKD,8
MAEMS,5
KEAILDM,7
EVDEF,5
YKWPF,5
MKMMME,6
ERMNM,5
RWPFFIY,7
MKNMR,5
VNLFTR,6
MKQMR,5
MVKWGM,6
MKMCA,5
AYRMM,5
MMVKWA,6
LVLIM,5
MPMIM,5
RTFWV,5
MMKNE,5
RAEME,5
TQYPY,5
QWTPV,5
FNYSM,5
QVNIY,5
PTNFY,5
WNAENS,6
EPKKKD,6
PREPWPRPKK,10
PKPRE,5
PPKEPK,6
EERPKKPK,8
WPRPP,5
KPKKKPKP,8
PPKWP,5
PKKPKKPPP,9
PEPKPCKKPKKPPKPR,16
KDEPR,5
PKEKEPKRPPE,11
PKAPKM,6
GKPAEKERPPP,11
PAEKKKPP,8
PKIKE,5
PRKKDMKWREK,11
EPKPKKE,7
PRPKP,5
MKPKK,5
PKPREP,6
WKPAGE,6
EKPAG,5
PHPRPK,6
PKKKKEE,7
AKPKE,5
TWVIY,5
YTWLFYWPY,9
INPYK,5
YTINK,5
WQEEMKG,7
WLHKLA,6
MRMMDM,6
VMIFL,5
FLPVI,5
MPMKIV,6
PKKLF,5
HKLVL,5
VQTYN,5
QPFYV,5
YKAFL,5
QPWVN,5
NLWVPH,6
MVMKMHFWAG,10
RWPVKIW,7
WVPRE,5
VMWPMV,6
CVEMKW,6
MVMGM,5
MAGML,5
LPFYVI,6
FVLPVWV,7
TVINYM,6
VNYFTFL,7
QPFIV,5
TWYPI,5
TWRPW,5
HTNPK,5
YKTEP,5
QNMAK,5
MKWKNMA,7
QWVNK,5
PVFKQM,6
SWPFIV,6
SRWNAK,6
HPPWK,5
NFMIY,5
RLMKAW,6
KWTFP,5
YFPIE,5
TVYFW,5
MKMMGQ,6
TIQPY,5
KGKRENVM,8
KGKWAE,6
SEHKNA,6
VRMKDM,6
EMKPEV,6
TQVIY,5
PVRYLIFV,8
VLITM,5
YVWVM,5
FTYIY,5
IFTVY,5
SPFICVT,7
YIFTE,5
YWIPIVP,7
VNMIPV,6
YPIVM,5
TFVVYI,6
YVPFFW,6
YMVIKE,6
KYAQENK,7
MEEATN,6
TIEKWRE,7
YKLFW,5
WNERSKA,7
QLVMK,5
WVKTR,5
NVNPFTQ,7
TWTPY,5
TPFYW,5
TINPQ,5
NYPKPT,6
WFQLKIPCIVY,11
LVFLVIV,7
VLFNI,5
VFFLI,5
MHLFVIIWV,9
YLVIM,5
YIWVTLF,7
VNIIF,5
WVYMFVV,7
IIFLY,5
YVFWLVYVWV,10
IFWVY,5
FLPII,5
VYIFIL,6
VVIYF,5
FLIYIV,6
YVLIIWVVWVVFLPVQVIVIYTI,23
YLVWIKLFWIFV,12
LVRWM,5
VILYIPFY,8
YIFLP,5
VFYIP,5
AVIFL,5
VYKIF,5
SFVIYTQT,8
KWEVPM,6
MAREG,5
KEMMVAL,7
EMVKKA,6
WGEMMK,6
EMMER,5
WKKPM,5
MMKKLKWD,8
MKVFE,5
MKMWA,5
PWTWY,5
VTELQ,5
TKSFY,5
RAEMMGMM,8
WEVPK,5
MWKMEVKMRM,10
FWMKM,5
RMKMME,6
IKLAELMMM,9
EHKRLKWK,8
MMEVFGA,7
RMEMMMKMGH,10
WPKWI,5
MKMMGE,6
MEMMMGEMAKD,11
RMKLEMMVKWLHMM,14
KWDVE,5
MVCLKFWAP,9
MMKWGVM,7
MVMKWLCE,8
KMWGVM,6
IEHFW,5
MWKDMEMMVMA,11
RKECVPMW,8
MMDMKEHMLVM,11
MEMMGA,6
MGMLK,5
MGLVK,5
IEPYR,5
PRTYKFIFW,9
WANKPM,6
KYKWPM,6
MAFWK,5
VPIMR,5
HYPIK,5
VHFQK,5
RWPWT,5
PVKMKWK,7
WPMIR,5
MVNFY,5
IFSIKRLIK,9
LVFWVRR,7
VMKYK,5
MKWVK,5
QYCTFPV,7
RWPKM,5
MMKMMKMMMEE,11
KMMKMMMEMKMKGVHM,16
AFWNVKHVNY,10
MVRKWM,6
KVQKF,5
KFQRV,5
YVKFQ,5
PFCCLKIM,8
RWSMAK,6
MRAICMTLWR,10
KRKMVF,6
DMAMEGMM,8
KMMAAGE,7
WPKPM,5
REWKMIE,7
KMKLM,5
EMAVMER,7
MNKMEE,6
MGWWEA,6
QERVHK,6
MPVFW,5
SPVYQ,5
KADEKKE,7
RMLVD,5
VMKWD,5
WEPLVK,6
VMAFPMWE,8
IEKVKLVM,8
MVFWP,5
MKIMG,5
MPMVM,5
RDMMVKWAE,9
HVKWE,5
PCIMM,5
EMKFWA,6
MVVEMGAFKVWKGEMME,17
WAKAVVEK,8
WEMVKD,6
EMPVIM,6
WDMEEKLAA,9
PMAMKMMAMEEMV,13
MVKLMAMMMMWDW,13
WPMALWVK,8
MAKMLW,6
MMMNR,5
KMVFM,5
MAMEKFD,7
MMKFIG,6
ECKVFM,6
KQMME,5
RMMKM,5
MAFWK,5
KWVEM,5
MKAMEEMRVPC,11
VNCWMALM,8
YRPVI,5
ATQWNYK,7
MNMMK,5
KIPYK,5
EARLS,5
PINKR,5
PCYHCK,6
GKMMKMMMIFM,11
PVYKKK,6
FQVIRL,6
FIPRY,5
CTRVFW,6
AQMMMMSN,8
NYVPF,5
YKFTP,5
WTVYK,5
MMAKGESKLAMV,12
MRENKSDM,8
VNPPF,5
MVFLIP,6
WVPTM,5
TINYP,5
SFIMY,5
YTPIPR,6
MNIRT,5
YPVIR,5
IVPMM,5
MMKLA,5
WAKCM,5
EWKQI,5
YKLCV,5
QPFLPY,6
YVVVWI,6
AMELV,5
YTLIE,5
KQNKSMG,7
QVNWFRP,7
YKIVK,5
KSQPV,5
QHHIK,5
TKPVQY,6
SQWNK,5
WPVRM,5
MVLMMR,6
EMKIR,5
LAIMM,5
WAKAGMMEEE,10
MKVMAMKLE,9
YPKIV,5
MKMCM,5
PMLKI,5
WMKKL,5
KEWVKM,6
IEKWVF,6
KMMMAFDMVL,10
KLMVFM,6
KELFR,5
MVIFP,5
YWVWP,5
FILIV,5
MFPYIV,6
LPYYCIFV,8
TWIVY,5
WVQEF,5
TIWLVF,6
YFFVIPLIW,9
MKMMG,5
MPMKLPKW,8
DRAKEEE,7
PIEKWA,6
KVIFL,5
MPVKRLKMKW,10
LAPVRMW,7
PMKFWIM,7
MLMVFWR,7
RMDMWA,6
VRALWKM,7
FLPKI,5
IVMKL,5
AMMLGM,6
MVFLCD,6
PVIMKLCFW,9
CMLGA,5
LFWVGKWA,8
PMIMKIA,7
WIICV,5
IKKME,5
LMVKMRWA,8
LVAMRIRM,8
MVKLRMAMMVFHWK,14
KMLWKPVE,8
KWLVMMM,7
MWIEKVA,7
RPWVK,5
MIKLM,5
VIMKH,5
MMLKVME,7
DMCLAWMVKLK,11
WEMVKWGAM,9
LIRCPK,6
FMIWVK,6
IMKLMIVEFLMV,12
VIFPMLM,7
IKLRT,5
VFKWEI,6
FLIIV,5
IKALPRL,7
MIPKKW,6
PACAFLIM,8
LFPIM,5
MVAGEE,6
WPMVKWA,7
WPRVKIEE,8
PKMMMW,6
MVKWD,5
MMVKWLEM,8
RKMDKMKEM,9
NKFEQANSA,9
SMKNE,5
PRVWL,5
KMVPK,5
YKEFFMIP,8
WNPVK,5
RMEGAR,6
FTLYIV,6
YKTPM,5
KLQPF,5
RMMGK,5
KWKLP,5
SKMMNMME,8
PTNIV,5
SFENV,5
YAWPV,5
WPVMV,5
YAEFF,5
VEWPM,5
EMLVMM,6
IPFYV,5
DVLALAEWI,9
PVKLIE,6
YALMKWVE,8
PWAMMWFL,8
KQKTWD,6
PVKILE,6
VYPRE,5
ESPKK,5
YKEVILM,7
WPVKKLFL,8
PYPKI,5
QWVYK,5
RYQNK,5
ETCPSN,6
HYQFY,5
EVEQK,5
WEEKA,5
TIYPK,5
QFNVNY,6
PVYQIK,6
YNFCN,5
TLYYWP,6
TTIFPVIY,8
YPTVQ,5
ITHCV,5
TCINY,5
TFYVNNP,7
YIMTFY,6
PTWWTWTVFP,10
YTFIP,5
YTFWTIY,7
EAESKD,6
KMMEPG,6
EKKGME,6
ERWEKA,6
EKKKE,5
AEFGR,5
ENEKAEP,7
YWPFI,5
MADWKME,7
YTKWP,5
VRMNYAMNK,9
IFWVP,5
IYEFPM,6
IMMMEM,6
AWMMM,5
NFYAI,5
QVAND,5
PYFVINPW,8
YTFPFYHIT,9
IQTWYTP,7
QNTPFY,6
YKLPA,5
SRWTFIY,7
FNYPFI,6
NKPFW,5
TIQPYK,6
MWKNRGHAQ,9
RCVTWNY,7
WNERAA,6
PWEIE,5
MEMFGD,6
PHFWE,5
YAKWDE,6
VEIFP,5
EVWAVFEED,9
FWELA,5
AEEPFWE,7
NFQWV,5
NVPMMMML,8
MVKWMME,7
VKQEE,5
PRFINK,6
CVNWL,5
LAENM,5
PVFIMKR,7
MVPKM,5
FKIHV,5
MKQVRM,6
MSWKA,5
PLIVMK,6
MEESRKVFMKN,11
MMEIK,5
IHKMVPH,7
WVPFMIVK,8
MKWKIE,6
PRLYRRRPPFWFYRPFYRPKRRRK,24
RMMNKRMMMKMK,12
KQRVKSKR,8
RKYVKKKIKR,10
RRFFY,5
RRWKPSFRWVKRVR,14
RRPQR,5
RKNKQ,5
RKQVRCK,7
KRRIK,5
KQRVFKKR,8
KWKQKRHWPRPRPKRPVRRPPPKIVK,26
RFPIRQRRVYKK,12
RFRQEK,6
KFKPR,5
KMKFR,5
KRMVKR,6
KKVQRRRPIQPRPVK,15
RKRMKWM,7
RKFRRKK,7
RKKKPR,6
RFKKKM,6
KVYKFRFRR,9
KKRKR,5
ARKPK,5
RQVKPKKLRK,10
RKKVF,5
RVFRKR,6
KRIKRVP,7
PRMVKKIVH,9
KKVRFPRVPCR,11
ARKKPKK,7
HRKKP,5
KHKFRVKCM,9
RPKRKI,6
RSKLGVNKLKFRKR,14
KFRVR,5
RFKQVKRF,8
RRKPKF,6
RPRKRFY,7
RKPVRYK,7
RRFNK,5
IKCRYRRRNR,10
RKKIPVRPKIKFKC,14
KKVKFPR,7
FQWRKVPFRKP,11
KRCPK,5
RKNSR,5
RKQKN,5
TRKKKCPFY,9
RRKKFNK,7
RFKIRQVK,8
YPFIK,5
YAPWTLR,7
TLCIPVII,8
FIPHK,5
PYAFQK,6
VIYQFNP,7
PYPLPFY,7
YANPK,5
MVFTW,5
MPVFK,5
VFPKI,5
EFTKW,5
KWAEP,5
YAWMVM,6
IETVYK,6
MPMMA,5
RTDMMEMMMMMARG,14
MPMIMM,6
DAWMC,5
YMMDKWLFW,9
LPFYI,5
